"nativePath","nativeSha256","webCheckoutNativeSha256","nativeLfSha256","webCheckoutNativeLfSha256","matchesNormalized"
"app/src/main/java/com/ironlog/app/AcceptedMutationCoordinator.kt","039C2B0FE76FCB3A7AC255D280FF09F25A3A1E2B9F763E8F1E071D2987ACDF32","72626A40A547AD68D3CE76243BB6F9D8407C0B27C195BE61B744DDD67C6E1F63","039C2B0FE76FCB3A7AC255D280FF09F25A3A1E2B9F763E8F1E071D2987ACDF32","039C2B0FE76FCB3A7AC255D280FF09F25A3A1E2B9F763E8F1E071D2987ACDF32","True"
"app/src/main/java/com/ironlog/app/HealthConnectRationaleActivity.kt","2D8480797C2C5A7B3DB3BAE6C9FF597F816438FDB47E1E40FB49BDFB9FEF475F","D34FC5FFBADF2AF100055B2FAB69F3361410021799FC3409B611452CB3488315","9EEDDC29B05C07CBC6911E31CE91A4C47B14D485569DB67BCABCD4AA529AF5EE","9EEDDC29B05C07CBC6911E31CE91A4C47B14D485569DB67BCABCD4AA529AF5EE","True"
"app/src/main/java/com/ironlog/app/IronLogApplication.kt","A167E864F2DDF3DAF184908171831C5FA1B34385A792581C10588500F4748F31","EE7A671F0860F52A758C83EBA6DEC90037E43492C722A11158455A7FE83DC832","A167E864F2DDF3DAF184908171831C5FA1B34385A792581C10588500F4748F31","A167E864F2DDF3DAF184908171831C5FA1B34385A792581C10588500F4748F31","True"
"app/src/main/java/com/ironlog/app/MainActivity.kt","1CD6D9EBE5389BC9A9E9158B5A501DEBEFAB1E95BB9C40CEBFF7359734A0EEC3","74F32341ECFEF2F3C9FB844C206951B3E8B1B4BED5F04615E22619A4F9618ECC","1CD6D9EBE5389BC9A9E9158B5A501DEBEFAB1E95BB9C40CEBFF7359734A0EEC3","1CD6D9EBE5389BC9A9E9158B5A501DEBEFAB1E95BB9C40CEBFF7359734A0EEC3","True"
"app/src/main/java/com/ironlog/app/assets/ForgeFoxAssets.kt","865149FD2B2100D69F61E303063E63AFCD3D8C0E1D6F2A98B11A63D24B3285A2","4EB2B05BDDDD25EE58977224F0A3E2D3116F1C9620A706C093B36122E5AE8BDD","1B7E0AF7176419F152D5A76C48ADD2D61C06AF1C733A65539C122331567E31E0","1B7E0AF7176419F152D5A76C48ADD2D61C06AF1C733A65539C122331567E31E0","True"
"app/src/main/java/com/ironlog/app/data/health/BiometricSnapshot.kt","670889530FF13061BE27270F4E02DACE451EAF88A4794BDFDC47D539C1B1D830","CA9B2B1520032140A0B02B172FF4690A1558C9A6C31B88FA654F2A6337FE8A0F","670889530FF13061BE27270F4E02DACE451EAF88A4794BDFDC47D539C1B1D830","670889530FF13061BE27270F4E02DACE451EAF88A4794BDFDC47D539C1B1D830","True"
"app/src/main/java/com/ironlog/app/data/health/HealthConnectRepository.kt","1D48AEF976BF5300692D45184F734DAD3DB1EDCF16A3AC850CEE8884847003F9","17711B6223BFE8AC82717A41954F0CB21CBD1EFB047D7720658992955690172A","1D48AEF976BF5300692D45184F734DAD3DB1EDCF16A3AC850CEE8884847003F9","1D48AEF976BF5300692D45184F734DAD3DB1EDCF16A3AC850CEE8884847003F9","True"
"app/src/main/java/com/ironlog/app/data/history/HistoricalExerciseSnapshot.kt","02CF1A8A621077F6E12A78EB939A653D524F635E1E34F344F4776320BECDCD19","654C3E74A67A35A332CC26C338BB05246848DF8838C35920A59EF919BD4C476A","02CF1A8A621077F6E12A78EB939A653D524F635E1E34F344F4776320BECDCD19","02CF1A8A621077F6E12A78EB939A653D524F635E1E34F344F4776320BECDCD19","True"
"app/src/main/java/com/ironlog/app/data/model/RepositoryModels.kt","3771711202D3074A0ECBF24DFCC98AD3BF63755D1216A8A132E01BBBD330CA04","CE75745D551DD7790B1426E86E98E789FD1CD9FD13974E821C48805F2E56FF6C","3771711202D3074A0ECBF24DFCC98AD3BF63755D1216A8A132E01BBBD330CA04","3771711202D3074A0ECBF24DFCC98AD3BF63755D1216A8A132E01BBBD330CA04","True"
"app/src/main/java/com/ironlog/app/data/objectbox/AthleteCalibrationEntity.kt","5E975805EFAFBF5C9BA7792FE88820BA393AE4FF371B6478D4A5806D9F16FD3B","38AF431602AC569197AC751869E78031F5B8EE245E78502532C772333C0E07B6","3ACCA93FEA3FEF5ADC939D457AC37D115C7E6BD05A8BB8BC1C759576DBBC1274","3ACCA93FEA3FEF5ADC939D457AC37D115C7E6BD05A8BB8BC1C759576DBBC1274","True"
"app/src/main/java/com/ironlog/app/data/objectbox/Entities.kt","46016D3AA820A4746E73BEF29B9320CC6E4B5EB997FFE48CB34CF2C4DB27CFF2","CC5D65D1066A276B2A8CA46BBB7506F3D34555A6ADC19C2F818656F57B1D1E49","6981240C96F72BDA9E1D002D4BB52F8129E6B28AE2480D30953CFD78A2043D09","6981240C96F72BDA9E1D002D4BB52F8129E6B28AE2480D30953CFD78A2043D09","True"
"app/src/main/java/com/ironlog/app/data/objectbox/GamificationProfileEntity.kt","00679276C947E3F843ACE0748C871633FAFCB3D9A5B5F939EE059AD832D5A503","EC24242427C0D533E23BAD907A1E0B807A761E39A7FFF83A4D8AB2307B7072F2","A87A4D72E949A52AC5B4AAF6DF7E8121C94704CED78C8208EB14DEDDA5541DC5","A87A4D72E949A52AC5B4AAF6DF7E8121C94704CED78C8208EB14DEDDA5541DC5","True"
"app/src/main/java/com/ironlog/app/data/objectbox/IronLedgerEventEntity.kt","097123A48912B29E34BC36876883BFAAC96F978A0EE0C1E2C2948D81E8EED369","097123A48912B29E34BC36876883BFAAC96F978A0EE0C1E2C2948D81E8EED369","0A3094536EFE06DCC7A4D7F10353E58C76EAC02BB78B05CA05EC326C04BC9BF9","0A3094536EFE06DCC7A4D7F10353E58C76EAC02BB78B05CA05EC326C04BC9BF9","True"
"app/src/main/java/com/ironlog/app/data/objectbox/ObjectBox.kt","F2BF36D682A0759CAC443738F64094BD6E0B390B17316E4C2522DC9C6C8CAFB7","B9F43E0A1C1B068E8C71A1B9D63C76B4A1DADD96C05E5691B929165392BB86B5","F2BF36D682A0759CAC443738F64094BD6E0B390B17316E4C2522DC9C6C8CAFB7","F2BF36D682A0759CAC443738F64094BD6E0B390B17316E4C2522DC9C6C8CAFB7","True"
"app/src/main/java/com/ironlog/app/data/objectbox/WorkoutExerciseSnapshotMigration.kt","886E5B3C48EC69735A76F981423912C1A3B70BCFDC678BEB0301CD27E5AD6321","C35F6BBB13FFCCE0242E172216125FD5E8BF552F45AAA9FE529867D4C2B640EC","886E5B3C48EC69735A76F981423912C1A3B70BCFDC678BEB0301CD27E5AD6321","886E5B3C48EC69735A76F981423912C1A3B70BCFDC678BEB0301CD27E5AD6321","True"
"app/src/main/java/com/ironlog/app/data/objectbox/WorkoutImportProvenanceMigration.kt","18DE12B7568CECD9B562D8CFAC0F8027D0D2FE8EDC158089670BEB256FE42182","86DB258F72002B8782E99D4F327E898545E5D095E1500847691D5CB7D7D99778","18DE12B7568CECD9B562D8CFAC0F8027D0D2FE8EDC158089670BEB256FE42182","18DE12B7568CECD9B562D8CFAC0F8027D0D2FE8EDC158089670BEB256FE42182","True"
"app/src/main/java/com/ironlog/app/data/photos/LocalRestoreSnapshotStore.kt","A1313FF16E42C32B564F255251131B5A1FB710B03217D22B72EB192E196D7D55","373E07DE4C331F66205AF22ED56ABED3AB66E8212E663DAB9FC4A1B5F8F2EC6E","A1313FF16E42C32B564F255251131B5A1FB710B03217D22B72EB192E196D7D55","A1313FF16E42C32B564F255251131B5A1FB710B03217D22B72EB192E196D7D55","True"
"app/src/main/java/com/ironlog/app/data/photos/ProgressPhotoStorage.kt","1F3E61B964C360F65FD5FCD445A218C3004EB313FC33A38934AC72B931586805","C1D1FDA7BFF5EE05CD3785DDB847B253F9EC83C31FDBB20B431E0B459BC06233","1F3E61B964C360F65FD5FCD445A218C3004EB313FC33A38934AC72B931586805","1F3E61B964C360F65FD5FCD445A218C3004EB313FC33A38934AC72B931586805","True"
"app/src/main/java/com/ironlog/app/data/plan/PlanImportResult.kt","2E4E2AC71D89C050CEF3F41CB6CE0838754C5CA1E61006BF717D9C1A3AA04FD1","658A55E0BC88365A964764498EE5AA23EBFB2DF43FE98ECCCD147A82E63957DF","2E4E2AC71D89C050CEF3F41CB6CE0838754C5CA1E61006BF717D9C1A3AA04FD1","2E4E2AC71D89C050CEF3F41CB6CE0838754C5CA1E61006BF717D9C1A3AA04FD1","True"
"app/src/main/java/com/ironlog/app/data/plan/PlanJsonCodec.kt","24BCF8A373717A6FD57427D06832A38CE36FB60CD16A62C1EB00EBB971D2FD3F","34D967C8F022C95763C8BF0AB38F7FFF8F56DB8B9C171FE0EA4F45E566E83A1D","24BCF8A373717A6FD57427D06832A38CE36FB60CD16A62C1EB00EBB971D2FD3F","24BCF8A373717A6FD57427D06832A38CE36FB60CD16A62C1EB00EBB971D2FD3F","True"
"app/src/main/java/com/ironlog/app/data/repository/AppearanceBackup.kt","C14A17D8A2F42B7A78873A710D43C22260809577E5B1195498216CF88EE3CC6A","C523C96DE8B9D4C6667EBD3A85DDBB25573ADAEACA5B8879BECCD27EDCFEA151","C14A17D8A2F42B7A78873A710D43C22260809577E5B1195498216CF88EE3CC6A","C14A17D8A2F42B7A78873A710D43C22260809577E5B1195498216CF88EE3CC6A","True"
"app/src/main/java/com/ironlog/app/data/repository/BackupRuntimeSanitization.kt","4EEDC5B56F1E989C59DFEAE67337E7EDB79BE73341F6D5EF85BEBE4977B2451D","63F5FF25A7FA95D8C035238E4CE0A3AD83CE945EAD6F85083F05E8A7FECABA12","4EEDC5B56F1E989C59DFEAE67337E7EDB79BE73341F6D5EF85BEBE4977B2451D","4EEDC5B56F1E989C59DFEAE67337E7EDB79BE73341F6D5EF85BEBE4977B2451D","True"
"app/src/main/java/com/ironlog/app/data/repository/BackupValidation.kt","ADEB1496DFBC545B92926694C3EFF49B054411BE70D35314FCB421178B8DDB05","F2B3E4A82FDC1C52771636ADAB487BABC4F393844904735B7EFB4093DAC020C1","ADEB1496DFBC545B92926694C3EFF49B054411BE70D35314FCB421178B8DDB05","4D785B01EFB3E64CC1B4BD559AAF8976CF6451BE66C43F84FE0780AB71C7DB78","False"
"app/src/main/java/com/ironlog/app/data/repository/BodyMeasurementRepository.kt","07E3BD085A79CB7D6D8A25FD51CBACA6B78ACC094675E49B50FB8B175C0E6857","C58F8072D998381B4A87EC3AD209A30E3D577FE70BEED697D8F878CF897DC7A9","07E3BD085A79CB7D6D8A25FD51CBACA6B78ACC094675E49B50FB8B175C0E6857","07E3BD085A79CB7D6D8A25FD51CBACA6B78ACC094675E49B50FB8B175C0E6857","True"
"app/src/main/java/com/ironlog/app/data/repository/CurrentAthleteBodyweight.kt","3A80CC64033128CD3609C60D97ED746A2EBE987FD6E458B3F06900F22CAB1029","E739A4C8AEFC69385C5D3C8672EF1A36203A580BAF2CB58F367A4CAEDA51837A","3A80CC64033128CD3609C60D97ED746A2EBE987FD6E458B3F06900F22CAB1029","3A80CC64033128CD3609C60D97ED746A2EBE987FD6E458B3F06900F22CAB1029","True"
"app/src/main/java/com/ironlog/app/data/repository/EncryptedBackupCodec.kt","ACB9D3862011498B3AA285358790CD5E9858727D4F2C3D366F6248EDB4F4349D","4F9E72FCCAE37D6112778FBC805D2D3DD1F110F751C49509D03306018FCA7DE3","ACB9D3862011498B3AA285358790CD5E9858727D4F2C3D366F6248EDB4F4349D","ACB9D3862011498B3AA285358790CD5E9858727D4F2C3D366F6248EDB4F4349D","True"
"app/src/main/java/com/ironlog/app/data/repository/ExerciseRepository.kt","EEF0E253AF61A417FA5B0A11D0088E159E04488CC67C3B44D403B98F2F10A1A2","253565F39A7B7D74958F77FC9C335A2728D4B204202BA970EE81315F4A1A4CEA","EEF0E253AF61A417FA5B0A11D0088E159E04488CC67C3B44D403B98F2F10A1A2","EEF0E253AF61A417FA5B0A11D0088E159E04488CC67C3B44D403B98F2F10A1A2","True"
"app/src/main/java/com/ironlog/app/data/repository/GamificationProfileCommit.kt","605610DA930E409795986078EF5A8A2E7C1CF63F896A5A17A8D1ED26B93B45C6","0AB5394C7F8710A4C5623ED9006494A6F043A9DE6D2D0AB347FFFB4E9B912AB8","605610DA930E409795986078EF5A8A2E7C1CF63F896A5A17A8D1ED26B93B45C6","605610DA930E409795986078EF5A8A2E7C1CF63F896A5A17A8D1ED26B93B45C6","True"
"app/src/main/java/com/ironlog/app/data/repository/GamificationRefreshTransaction.kt","7609FF4C32163DA43F4B1C8F15788997D3ACDF9A725BD1C237906C5CA5487869","E9C4C024A5F069CD06652AD0BA57FCFB42EFEDC9E0BAD3098A19452B3A08E2E4","7609FF4C32163DA43F4B1C8F15788997D3ACDF9A725BD1C237906C5CA5487869","7609FF4C32163DA43F4B1C8F15788997D3ACDF9A725BD1C237906C5CA5487869","True"
"app/src/main/java/com/ironlog/app/data/repository/HistoryProjection.kt","DB832178311F0D28A98CB27009B5D0CF4DCBC84EC1984E1EAD934821062BF822","4E30C29CB438EC80BF74472BF823F216B7212C229869CCA211AF9DE018644BC1","DB832178311F0D28A98CB27009B5D0CF4DCBC84EC1984E1EAD934821062BF822","DB832178311F0D28A98CB27009B5D0CF4DCBC84EC1984E1EAD934821062BF822","True"
"app/src/main/java/com/ironlog/app/data/repository/HistoryRepository.kt","38B8FA3D55F74B0043F6B6A00381A6E59C3CC956500ED4BE5ED9072468E290C5","DE4CAB8B3B544F82DC6DDE7927741663D81D886CC2F45A8BC315BA5705FB91E0","38B8FA3D55F74B0043F6B6A00381A6E59C3CC956500ED4BE5ED9072468E290C5","38B8FA3D55F74B0043F6B6A00381A6E59C3CC956500ED4BE5ED9072468E290C5","True"
"app/src/main/java/com/ironlog/app/data/repository/ImportExportRepository.kt","E564AD825ED859A70302890C6D6CEF377F771ACFFEFFD9F978BA24C79744DB8A","DCA9E3D0A1F24D11EF5F800906794FD4424636586069E65F744051367A4ACEDC","E564AD825ED859A70302890C6D6CEF377F771ACFFEFFD9F978BA24C79744DB8A","E564AD825ED859A70302890C6D6CEF377F771ACFFEFFD9F978BA24C79744DB8A","True"
"app/src/main/java/com/ironlog/app/data/repository/LedgerEventPersistence.kt","9B7CB9A5F04C74D9857F57B2EDDED3A722F7E478A0F6D557D246A08BE3CFAD93","D07343CB50654E3A774FCD426777CFF2B9C2EB1D540625835F0C6D739C857C29","9B7CB9A5F04C74D9857F57B2EDDED3A722F7E478A0F6D557D246A08BE3CFAD93","9B7CB9A5F04C74D9857F57B2EDDED3A722F7E478A0F6D557D246A08BE3CFAD93","True"
"app/src/main/java/com/ironlog/app/data/repository/LegacyBackupValidation.kt","4C490F6C7C7AFAE9B7F4B961A4668AD13032859EEA64C9B663CA051EC89A39A5","D1EC324775A8B1FA3DF4A6BEDA9860152CB26E2C3E9692119E4457D87CA8C7A6","4C490F6C7C7AFAE9B7F4B961A4668AD13032859EEA64C9B663CA051EC89A39A5","4C490F6C7C7AFAE9B7F4B961A4668AD13032859EEA64C9B663CA051EC89A39A5","True"
"app/src/main/java/com/ironlog/app/data/repository/LegacyBonusMigration.kt","B145EB8DBF70EBF6EBF2BE64825433A9ED7FD1EB2E2868A621FB9D65C5BF1956","0BCB133D26BE2F0F0CACD9A04F687E905933FA9367ECCAB6AB48C372EC8B28E2","B145EB8DBF70EBF6EBF2BE64825433A9ED7FD1EB2E2868A621FB9D65C5BF1956","B145EB8DBF70EBF6EBF2BE64825433A9ED7FD1EB2E2868A621FB9D65C5BF1956","True"
"app/src/main/java/com/ironlog/app/data/repository/NextSessionNoteRepository.kt","B8E9AE6B1777A317C58AEADA6CDD0F3B8A681706EA2ABE08C08CB00A0F7E94E4","BC28D426ED069B114103FCAFB90E853BA8DC8B645F25416D3AB486808EB4F770","B8E9AE6B1777A317C58AEADA6CDD0F3B8A681706EA2ABE08C08CB00A0F7E94E4","B8E9AE6B1777A317C58AEADA6CDD0F3B8A681706EA2ABE08C08CB00A0F7E94E4","True"
"app/src/main/java/com/ironlog/app/data/repository/ObjectBoxFlow.kt","B21F655FD0AC0C9C47EDF701F1297A0AB38F288F5829A62803AEB62A8EBE491E","D6AC4F279DECDC6CC5795BB190F136DA22D777AF19322BCA1F0EEA6F866F1368","B21F655FD0AC0C9C47EDF701F1297A0AB38F288F5829A62803AEB62A8EBE491E","B21F655FD0AC0C9C47EDF701F1297A0AB38F288F5829A62803AEB62A8EBE491E","True"
"app/src/main/java/com/ironlog/app/data/repository/OnboardingBaselinePersistence.kt","D8956C54941FDCB9457E4F1513B54087C9F4BF0212D209E83DA20A89A003587C","B941BA6C29CC59FD259EDCB247A8E3258E6FDF2F154674C7B064B763DC5E42BA","D8956C54941FDCB9457E4F1513B54087C9F4BF0212D209E83DA20A89A003587C","D8956C54941FDCB9457E4F1513B54087C9F4BF0212D209E83DA20A89A003587C","True"
"app/src/main/java/com/ironlog/app/data/repository/PlanExerciseNotesPreferences.kt","50A331AA7BC31BC06974450E2AFCEE91B98E521BA25524CB43902B493F4A3E20","3191E1F806FE12C0F36243FA7BFB9E9F036327B6C15C55146067FC5FE8FCEA44","50A331AA7BC31BC06974450E2AFCEE91B98E521BA25524CB43902B493F4A3E20","50A331AA7BC31BC06974450E2AFCEE91B98E521BA25524CB43902B493F4A3E20","True"
"app/src/main/java/com/ironlog/app/data/repository/PlanRepository.kt","AA066F0EF4D2C2BE42D2E47D30C458F96D5BC9A8C442117D5E7ED99358022A6D","6378BD3951984A13C9A75FBAE5C48B8D1A85E78600A8F1ADE0A913A05DEF0D4F","AA066F0EF4D2C2BE42D2E47D30C458F96D5BC9A8C442117D5E7ED99358022A6D","AA066F0EF4D2C2BE42D2E47D30C458F96D5BC9A8C442117D5E7ED99358022A6D","True"
"app/src/main/java/com/ironlog/app/data/repository/ProgressionPolicyStore.kt","8AD425C6AB5A697C08D2AE42959A8E4D867E66FEBBED6870612F2A42E47B21A1","813644B3A50635112F3C02A79DB929C50727AF0BF7F1D0A3D31A3CC007F84B3A","8AD425C6AB5A697C08D2AE42959A8E4D867E66FEBBED6870612F2A42E47B21A1","8AD425C6AB5A697C08D2AE42959A8E4D867E66FEBBED6870612F2A42E47B21A1","True"
"app/src/main/java/com/ironlog/app/data/repository/RecoveryCircuitRepository.kt","CA8860F4AAE32C06F5780436E40570CBE8E35B74DC07BD7F841BB6BC25F597FB","281E5AFBEF29A1269220D240814397F633D9D220B52F6223E24C3BD622918052","CA8860F4AAE32C06F5780436E40570CBE8E35B74DC07BD7F841BB6BC25F597FB","CA8860F4AAE32C06F5780436E40570CBE8E35B74DC07BD7F841BB6BC25F597FB","True"
"app/src/main/java/com/ironlog/app/data/repository/RestoreImpact.kt","F193455D82C53028A0CCDE49910E85476119C22075A57321C5069DA8617E98E5","A43775AC0910368B944E3CA9F41D5D466F36F5AC9139EB5EAB2F2A2BC4E92494","F193455D82C53028A0CCDE49910E85476119C22075A57321C5069DA8617E98E5","F193455D82C53028A0CCDE49910E85476119C22075A57321C5069DA8617E98E5","True"
"app/src/main/java/com/ironlog/app/data/repository/SettingsRepository.kt","CE6A9200C708DA6FCA84420EC3CE4C0AB0A018B442382AF607077334591AAEA2","49B905DC0961B37C4ED3CC9849CEFE24872B183353D8C076F751D8FA26EC8128","CE6A9200C708DA6FCA84420EC3CE4C0AB0A018B442382AF607077334591AAEA2","CE6A9200C708DA6FCA84420EC3CE4C0AB0A018B442382AF607077334591AAEA2","True"
"app/src/main/java/com/ironlog/app/data/repository/StatsProjection.kt","7C5B5E74F252501A2696E62BF65EBD7E6FF49901F7D1FB456E4E5E9D59359226","43167E7342FA8CFCA677DCF4BC4F1144405430F54A9CC4A9C6BF9FD29C0888A2","7C5B5E74F252501A2696E62BF65EBD7E6FF49901F7D1FB456E4E5E9D59359226","7C5B5E74F252501A2696E62BF65EBD7E6FF49901F7D1FB456E4E5E9D59359226","True"
"app/src/main/java/com/ironlog/app/data/repository/StatsRepository.kt","D9BC298831B3EE4B4CD5EC5CCC88477576D5C21452B61851B4EC9E31FE870299","7B71B171853DB74301CA4A23D6AFF0DDBC4BE54DDE849941A22C8503E3D091BF","D9BC298831B3EE4B4CD5EC5CCC88477576D5C21452B61851B4EC9E31FE870299","D9BC298831B3EE4B4CD5EC5CCC88477576D5C21452B61851B4EC9E31FE870299","True"
"app/src/main/java/com/ironlog/app/data/repository/WorkoutRepository.kt","0607D26275E2E69F2D78B740CF335106500A18EC0494FAA57F28FD4B35D47EFB","B4C90641BFA59887E392132B6E6A41EA43F0E0C0352061AAB8D13DF5650A8ED6","0607D26275E2E69F2D78B740CF335106500A18EC0494FAA57F28FD4B35D47EFB","0607D26275E2E69F2D78B740CF335106500A18EC0494FAA57F28FD4B35D47EFB","True"
"app/src/main/java/com/ironlog/app/data/seed/ExerciseSeed.kt","BFD6FF0E03371A745244C22C1472D62E8190C9310D426152FB2C5FD8DB88951B","F3787E8013B1D84800E34AA435F8FBEBA30E009F2528635BB1DAA27EAABC49AC","BFD6FF0E03371A745244C22C1472D62E8190C9310D426152FB2C5FD8DB88951B","BFD6FF0E03371A745244C22C1472D62E8190C9310D426152FB2C5FD8DB88951B","True"
"app/src/main/java/com/ironlog/app/data/seed/ProgramTemplates.kt","90544E6744F96BB80CE4B54B4E35B4D237B4ECB10A72B79872FB74456C1E260A","4A59436B40D6155EA917EBE995BB4210A37093E132F79D3F36F7358D773C3EED","90544E6744F96BB80CE4B54B4E35B4D237B4ECB10A72B79872FB74456C1E260A","90544E6744F96BB80CE4B54B4E35B4D237B4ECB10A72B79872FB74456C1E260A","True"
"app/src/main/java/com/ironlog/app/domain/ai/ExerciseResolutionEngine.kt","EA67ECED2BE6D4875D61EB1C404FDC03A1F314D9FEE26EDAFCFAF4167FACCE9B","8BB8A8458546E73CD4B8294D61BB048297AC6B3CAC8F0BF23D76D4A631FCF27B","EA67ECED2BE6D4875D61EB1C404FDC03A1F314D9FEE26EDAFCFAF4167FACCE9B","EA67ECED2BE6D4875D61EB1C404FDC03A1F314D9FEE26EDAFCFAF4167FACCE9B","True"
"app/src/main/java/com/ironlog/app/domain/ai/SmartPlanStructuringEngine.kt","A21CBFFC454FDB3244930FF88E13BE1965BD8661B17859A49D4F3A659AFF40C6","6F057C914A3C717A17D9AC16E600BE506E42C0BE5C095BD5C0DFD48C7B7D4286","80FF82A66F1C928A8217FFB393AE7CB427FE9114C52931494E2A283044637174","80FF82A66F1C928A8217FFB393AE7CB427FE9114C52931494E2A283044637174","True"
"app/src/main/java/com/ironlog/app/domain/badges/BadgeDefinitions.kt","E4CFBB7BFF698EA9F1050D898662C5118F05738EF7F73212760EEB4732B691F4","EF50910EFD86F3EF54CFB361563D2705034CEB02BF45694F077AEC4DEDEDCB5B","B5494201ACD1FFD41FAC8BD52462D177A3C058797B1D3C879F029C6EE9C286DF","B5494201ACD1FFD41FAC8BD52462D177A3C058797B1D3C879F029C6EE9C286DF","True"
"app/src/main/java/com/ironlog/app/domain/gamification/BadgePresentation.kt","6DB43DBF74BC8670DB542A86BCEA0327D67B1333444325C9849184459F205EDD","53180C0CC7B829FE3C6D09D2A1A1C95F8DF0C286A199C4750FA8DFC9EC9714B8","6DB43DBF74BC8670DB542A86BCEA0327D67B1333444325C9849184459F205EDD","6DB43DBF74BC8670DB542A86BCEA0327D67B1333444325C9849184459F205EDD","True"
"app/src/main/java/com/ironlog/app/domain/gamification/BaselineCalibrationEngine.kt","B208742EBF82A9FC671135BBA11D1761CCBF126B9FCCB0222AAE8A6A07E163FC","51B7CBCCEC689021A62B36197F8268C4DC1155A46245F9B180921F164AEE70E1","B208742EBF82A9FC671135BBA11D1761CCBF126B9FCCB0222AAE8A6A07E163FC","B208742EBF82A9FC671135BBA11D1761CCBF126B9FCCB0222AAE8A6A07E163FC","True"
"app/src/main/java/com/ironlog/app/domain/gamification/CreditedProof.kt","B2671FBCFE72537B7DA1EC13F6EA48FB37159A3CAE8112B2BD2B3CCB01899790","391663084A37E7C9281B293F00B6FC9813F253F4191B9152815A8A579ABA7FCC","B2671FBCFE72537B7DA1EC13F6EA48FB37159A3CAE8112B2BD2B3CCB01899790","B2671FBCFE72537B7DA1EC13F6EA48FB37159A3CAE8112B2BD2B3CCB01899790","True"
"app/src/main/java/com/ironlog/app/domain/gamification/GamificationSummary.kt","109B67BD2182167607C232EA442D36FF3B66ECD5F7213EBE4F42F2E15053B2FA","94F08DF7E263141FFB6ED4FD1AFDC02B29616AD4B2A8A18B280B14B432DC3DF6","109B67BD2182167607C232EA442D36FF3B66ECD5F7213EBE4F42F2E15053B2FA","109B67BD2182167607C232EA442D36FF3B66ECD5F7213EBE4F42F2E15053B2FA","True"
"app/src/main/java/com/ironlog/app/domain/gamification/HistoricalBadgeProof.kt","2F71BF398F8354CAE30B97A40EF80CA7428B2F0F2FDB884646B2104BE0057FA1","04462D7D52159DCF83CDD9CC113B57C15409FBCA18951A9DB75FFA09B99A4E1A","2F71BF398F8354CAE30B97A40EF80CA7428B2F0F2FDB884646B2104BE0057FA1","2F71BF398F8354CAE30B97A40EF80CA7428B2F0F2FDB884646B2104BE0057FA1","True"
"app/src/main/java/com/ironlog/app/domain/gamification/IronLedgerEngine.kt","360C53A91662B2008909E14922755FF2578A38274B8E9167677814D4623B0F82","848B8991FDF55F64A5135CD7781C50C80629637E7362FFEA4010EAC2E3CD64F1","C0DD49214379EDE09FB587FB8D3D6349DB224C445CD1B7907E9F5F890804F3B9","C0DD49214379EDE09FB587FB8D3D6349DB224C445CD1B7907E9F5F890804F3B9","True"
"app/src/main/java/com/ironlog/app/domain/gamification/PlanDayProof.kt","1DC0EC18B08A897542A972D51162EFF10109C22136E9D1194524BB78B8098F70","994DC8D025B879A991FCEAACD5A7926DBDFDE5537A4F6889FFCACC9020FA572A","1DC0EC18B08A897542A972D51162EFF10109C22136E9D1194524BB78B8098F70","1DC0EC18B08A897542A972D51162EFF10109C22136E9D1194524BB78B8098F70","True"
"app/src/main/java/com/ironlog/app/domain/gamification/StatEngine.kt","011014365BE19F4B8F721F6998947A83CDD499360C30553C512FFA9B0A2B3B7C","621D08A5D8826DB32BB606AE27D4FBF976AD0CA95DEC4FDE3457AFB3D12C3CA0","011014365BE19F4B8F721F6998947A83CDD499360C30553C512FFA9B0A2B3B7C","011014365BE19F4B8F721F6998947A83CDD499360C30553C512FFA9B0A2B3B7C","True"
"app/src/main/java/com/ironlog/app/domain/gamification/StreakEngine.kt","FD425CCC0BA551657784C4F23D8319B8C290BFBFE75FC310DF1FF939F6D9B303","02999D9B1EE92C06A097EE6A699B4A0D8D0279FCDE85988801DA9B37D767A35E","FD425CCC0BA551657784C4F23D8319B8C290BFBFE75FC310DF1FF939F6D9B303","FD425CCC0BA551657784C4F23D8319B8C290BFBFE75FC310DF1FF939F6D9B303","True"
"app/src/main/java/com/ironlog/app/domain/gamification/XpEngine.kt","5B849F4FCDA6276A41497FA1E6C08FE4DC884574A75B509B6292FAA2CA6103D6","D5DB9EE78ACBBEE7FC5BE001E23E830502F81236D25032271DFC9E651793E5A2","5B849F4FCDA6276A41497FA1E6C08FE4DC884574A75B509B6292FAA2CA6103D6","5B849F4FCDA6276A41497FA1E6C08FE4DC884574A75B509B6292FAA2CA6103D6","True"
"app/src/main/java/com/ironlog/app/domain/intelligence/AicoreNanoRuntime.kt","C7AB97A658FBCB3FD22EEB75AB1B5A4E0BC4D6081AA4DC6BAE7080F3F9530005","FE14EC1CF6585AC9F8FF6C63463E7C910E3358005E14046B1061CE0BD0A76301","C7AB97A658FBCB3FD22EEB75AB1B5A4E0BC4D6081AA4DC6BAE7080F3F9530005","C7AB97A658FBCB3FD22EEB75AB1B5A4E0BC4D6081AA4DC6BAE7080F3F9530005","True"
"app/src/main/java/com/ironlog/app/domain/intelligence/CloudAiEngine.kt","176A13DF7E2FDB8CB6E4D48B9AF708A36E815EFE7BAACE870FC70B3B70139EB9","0962D16B25DDF1C37D19CB2C5D3067B128D046E8F201D701C659C8808E1D61A9","176A13DF7E2FDB8CB6E4D48B9AF708A36E815EFE7BAACE870FC70B3B70139EB9","176A13DF7E2FDB8CB6E4D48B9AF708A36E815EFE7BAACE870FC70B3B70139EB9","True"
"app/src/main/java/com/ironlog/app/domain/intelligence/CloudAiKeyPolicy.kt","4EC8F2205D4CA87FC773E1D490AB909B66B95097BEA33B54DD0ED8FDCCACD995","11EFCA2A386B556323BE4146FB93B819C8C534B448E58BBF720A66F8C1F81B9E","4EC8F2205D4CA87FC773E1D490AB909B66B95097BEA33B54DD0ED8FDCCACD995","4EC8F2205D4CA87FC773E1D490AB909B66B95097BEA33B54DD0ED8FDCCACD995","True"
"app/src/main/java/com/ironlog/app/domain/intelligence/CloudAiKeyStore.kt","6E65792CF23E7372597C7DCEB57FD2B9B884BC4414CD8BBB3CD56B258EABEBFA","FAF04D6DE109C2220363D4E9345A299567AA9B77F5A17C40979D376AAE025664","6E65792CF23E7372597C7DCEB57FD2B9B884BC4414CD8BBB3CD56B258EABEBFA","6E65792CF23E7372597C7DCEB57FD2B9B884BC4414CD8BBB3CD56B258EABEBFA","True"
"app/src/main/java/com/ironlog/app/domain/intelligence/GeminiNanoEngine.kt","A611FDCD4729F18196E7FFEB534571237E6FFFAAE55CD4737B73FBD66370B71E","E2C3E5E7EB5B6139624FEC47F4804AE32A5BC980988686108BBDF32C42725E1A","A611FDCD4729F18196E7FFEB534571237E6FFFAAE55CD4737B73FBD66370B71E","A611FDCD4729F18196E7FFEB534571237E6FFFAAE55CD4737B73FBD66370B71E","True"
"app/src/main/java/com/ironlog/app/domain/intelligence/IntelligenceMode.kt","6A44784DCC7C2621034F7EDADEC8DBFE5BD4307494D6F1A0C9DE274D4ED3E058","7560E5A060B8FFD54565B7FCC57D37A4A886AD3E99D9551799BB0D22B5A9031A","6A44784DCC7C2621034F7EDADEC8DBFE5BD4307494D6F1A0C9DE274D4ED3E058","6A44784DCC7C2621034F7EDADEC8DBFE5BD4307494D6F1A0C9DE274D4ED3E058","True"
"app/src/main/java/com/ironlog/app/domain/intelligence/MuscleContributionEngine.kt","34CD352D94864CC762C06AAA6F7BDAB2E2627822579FA6385319FCF6681DEFBB","EB0FD519EB3F54E96E0948A0FA429B5376A7AB2F2A381F743A2C0DE336A26D30","34CD352D94864CC762C06AAA6F7BDAB2E2627822579FA6385319FCF6681DEFBB","34CD352D94864CC762C06AAA6F7BDAB2E2627822579FA6385319FCF6681DEFBB","True"
"app/src/main/java/com/ironlog/app/domain/intelligence/PrLinkingEngine.kt","D0E5FB4DEB8876A2B194757E33E9977A1DA15EDC88C6178B75B7BDC91A85CC72","2088B20C93AA153335F0D1FC3786AC835755E515D2E5BA12C6F0F6B6EB726CB8","D0E5FB4DEB8876A2B194757E33E9977A1DA15EDC88C6178B75B7BDC91A85CC72","D0E5FB4DEB8876A2B194757E33E9977A1DA15EDC88C6178B75B7BDC91A85CC72","True"
"app/src/main/java/com/ironlog/app/domain/intelligence/ProgramRecommendationEngine.kt","0C0DBBD9D54B0A43CBA570827BA136B74F5612812B4CFD1745DBB5C4FB2C9E1B","82A96097D9D2C07B387AA3AE2F7A3FA62CDAB07EE2D8DAA077B447FD6DF9C575","0C0DBBD9D54B0A43CBA570827BA136B74F5612812B4CFD1745DBB5C4FB2C9E1B","0C0DBBD9D54B0A43CBA570827BA136B74F5612812B4CFD1745DBB5C4FB2C9E1B","True"
"app/src/main/java/com/ironlog/app/domain/intelligence/ProgressionLoadability.kt","FDA598FF70BB10C6D8FB7A1489825821B416275064E7360AE17BA7A2E521F236","382DD488139161A10320E2A7303250F21F781D39B1B81108B25B1A13177530CE","FDA598FF70BB10C6D8FB7A1489825821B416275064E7360AE17BA7A2E521F236","FDA598FF70BB10C6D8FB7A1489825821B416275064E7360AE17BA7A2E521F236","True"
"app/src/main/java/com/ironlog/app/domain/intelligence/ProgressionPolicyResolver.kt","DDBC6207BC258EBDC6D19F05F9C4AD63C1E34E5102C19FCF9448D72A57B5E662","8DC3043E4C8032FD46344881AA5025304DC75C267D88D060C94F8C2BD17F1CF9","DDBC6207BC258EBDC6D19F05F9C4AD63C1E34E5102C19FCF9448D72A57B5E662","DDBC6207BC258EBDC6D19F05F9C4AD63C1E34E5102C19FCF9448D72A57B5E662","True"
"app/src/main/java/com/ironlog/app/domain/intelligence/ProgressionRecommendationEngine.kt","79D8D2F1785EF0D2712BF2656DA73716280D457D2E2106029ACE25DB714CB83F","5C62118ED2EBD299797D26674B88830627ADB950EBBAEEFFE669A171447E5CAE","79D8D2F1785EF0D2712BF2656DA73716280D457D2E2106029ACE25DB714CB83F","79D8D2F1785EF0D2712BF2656DA73716280D457D2E2106029ACE25DB714CB83F","True"
"app/src/main/java/com/ironlog/app/domain/intelligence/RecoveryCheckInCodec.kt","DE9BC8C1B260A0D1739EF5D56CFAC7F049BCC22BA967EAF12EBE05F7FBF029E7","D92B98E84794F3D8181E2084A5C7A63A4E5057F2894B9290FCCE04AD1D22AE9C","DE9BC8C1B260A0D1739EF5D56CFAC7F049BCC22BA967EAF12EBE05F7FBF029E7","DE9BC8C1B260A0D1739EF5D56CFAC7F049BCC22BA967EAF12EBE05F7FBF029E7","True"
"app/src/main/java/com/ironlog/app/domain/intelligence/RecoveryReadinessEngine.kt","C267757AB118485F532601A1DD41458576D6E6484A3E208FB71FBE1E643371CF","0F02AE4F91A006B736BC6B23C78FDB162B22727EE95A478F979A804AEFBD3A97","C267757AB118485F532601A1DD41458576D6E6484A3E208FB71FBE1E643371CF","053DAE69A4DAD50337E3DFBE3D9FFAFFB41EFE7B7D68CA526B566AA66AA98291","False"
"app/src/main/java/com/ironlog/app/domain/intelligence/SubstitutionEngine.kt","0CA144F64F12927785867C663F44AD0F5BEE7E26BF2B9E7C5DB07241845A51FF","07B41E08282A7BAF1341A239EA0296BF6A10EFB3BA24AB5FDE56CC64A22CA255","0CA144F64F12927785867C663F44AD0F5BEE7E26BF2B9E7C5DB07241845A51FF","0CA144F64F12927785867C663F44AD0F5BEE7E26BF2B9E7C5DB07241845A51FF","True"
"app/src/main/java/com/ironlog/app/domain/intelligence/TrainingDayPreferences.kt","9BE7D2A71D1DEF45BCB22160BD1B010120525106638288D2AB17F02F171999CD","B1E46F98F466FEBFFCDF42FA9DCDCB293E35ACBD35AE46D3AC85F6C47400C101","9BE7D2A71D1DEF45BCB22160BD1B010120525106638288D2AB17F02F171999CD","9BE7D2A71D1DEF45BCB22160BD1B010120525106638288D2AB17F02F171999CD","True"
"app/src/main/java/com/ironlog/app/domain/intelligence/TrainingIntelligenceEngine.kt","08BA1556DAB301CCB6094AF345FA2C9AD1B5A76333504067E9BCF5A08DA1D639","B6CC680EB5863D371704D07EB65CDE2FDFD80DB40F56D22BD00E285CDE8765C8","08BA1556DAB301CCB6094AF345FA2C9AD1B5A76333504067E9BCF5A08DA1D639","08BA1556DAB301CCB6094AF345FA2C9AD1B5A76333504067E9BCF5A08DA1D639","True"
"app/src/main/java/com/ironlog/app/domain/intelligence/VolumeInterpretationEngine.kt","7BC9FA1DCD263FA64801370B0BCA71F06D73C49D91A2F8AEA333372E747A1C97","AB25EBC3958F3E07E29AEE63266C487B76203A177A081046913D0505E75206E4","7BC9FA1DCD263FA64801370B0BCA71F06D73C49D91A2F8AEA333372E747A1C97","7BC9FA1DCD263FA64801370B0BCA71F06D73C49D91A2F8AEA333372E747A1C97","True"
"app/src/main/java/com/ironlog/app/domain/intelligence/WorkoutSuggestionEngine.kt","1CD1943501CFCF02FE8F11B33EB585D4B3DBFDA26A4F4073DC6AE692B3996CD5","CC0FD8798829DF54169694DDF57746D09D355AB308FAECA3309780588C25BF40","1CD1943501CFCF02FE8F11B33EB585D4B3DBFDA26A4F4073DC6AE692B3996CD5","1CD1943501CFCF02FE8F11B33EB585D4B3DBFDA26A4F4073DC6AE692B3996CD5","True"
"app/src/main/java/com/ironlog/app/domain/training/PersonalBestPolicy.kt","911F20C669DCA9BBC4367CD29D09A4FFE991621A4BBBA815A7E36F1C62268E87","029FC04BD75444BA0636B8464E3FDD673BCD35B22638A89FF95A2AC9B95F2AF0","911F20C669DCA9BBC4367CD29D09A4FFE991621A4BBBA815A7E36F1C62268E87","911F20C669DCA9BBC4367CD29D09A4FFE991621A4BBBA815A7E36F1C62268E87","True"
"app/src/main/java/com/ironlog/app/domain/training/TrainingSetPolicy.kt","52547EA2F45DBF43F8BC1FA279DEC5CD96CB9C0DFFCB168870C80188F134FCD6","42975D4A3F93F314F67D221F2675B81F593F0477D77C6258D74139EA03C9127D","52547EA2F45DBF43F8BC1FA279DEC5CD96CB9C0DFFCB168870C80188F134FCD6","52547EA2F45DBF43F8BC1FA279DEC5CD96CB9C0DFFCB168870C80188F134FCD6","True"
"app/src/main/java/com/ironlog/app/navigation/AppNavigator.kt","BE1B21EFEAEB6E1D94F121376CCD9CCD34BEAFBD7E1E93BB4BCC8A36B0D6CAC3","2DBDD71E0B9F7FEB9A973795C98C7B867F68DDA7D1A73A715020A97CCC10AB92","23C0579A5B3040D950076ED2D5D6D4FDA3B06BD26BA2601C30CFD93B9D33DC7F","23C0579A5B3040D950076ED2D5D6D4FDA3B06BD26BA2601C30CFD93B9D33DC7F","True"
"app/src/main/java/com/ironlog/app/navigation/IronLogTabBar.kt","014E70FFBCD2F4C3F6FA5363A6137A548D9D22C8FB911ECFC3A4FA5A62D23086","A0F36F484A60E03412A0FBA0EC8F62704F7310FBCDB0CFA0D2699C798A6F1711","014E70FFBCD2F4C3F6FA5363A6137A548D9D22C8FB911ECFC3A4FA5A62D23086","014E70FFBCD2F4C3F6FA5363A6137A548D9D22C8FB911ECFC3A4FA5A62D23086","True"
"app/src/main/java/com/ironlog/app/navigation/LiquidGlassGeometry.kt","704005E5BAE447CA5D46143AB2356FB4FD6C2F9397D066659FAFA8189155AD10","37CEFDCEF9BAA8D1DB972226E0679710BFF257500F0770CCD31AB6EBFF36266A","704005E5BAE447CA5D46143AB2356FB4FD6C2F9397D066659FAFA8189155AD10","704005E5BAE447CA5D46143AB2356FB4FD6C2F9397D066659FAFA8189155AD10","True"
"app/src/main/java/com/ironlog/app/navigation/LiquidGlassPalette.kt","4C5283A0D0B23A84F9A43EC9F6D86FAC10A9697C79882184ACFCEE058EEDD38C","A8C46AD830CC0698E63DAA19B71099D08759C8BBE3DC3DD0DC4CFE7507216AA3","4C5283A0D0B23A84F9A43EC9F6D86FAC10A9697C79882184ACFCEE058EEDD38C","4C5283A0D0B23A84F9A43EC9F6D86FAC10A9697C79882184ACFCEE058EEDD38C","True"
"app/src/main/java/com/ironlog/app/navigation/LiquidGlassRenderer.kt","C585C8D64F767C561C1A540D687DD76FE445225C5DD58E8503FABCF90D53D981","A6CF3A824DAFC0BD447FC3305AAC441D2619D33A31496E89504B7D4BB685BE0D","C585C8D64F767C561C1A540D687DD76FE445225C5DD58E8503FABCF90D53D981","C585C8D64F767C561C1A540D687DD76FE445225C5DD58E8503FABCF90D53D981","True"
"app/src/main/java/com/ironlog/app/services/AutoBackupMutationCoordinator.kt","2478187D1D3E84894FA85700B0844C58794CA71C20D6787440AE47885E372153","FF1ECAEB4867F570211DBADE9967E62CA57EA5B01BB5E65993DD8E95B3CF841F","2478187D1D3E84894FA85700B0844C58794CA71C20D6787440AE47885E372153","2478187D1D3E84894FA85700B0844C58794CA71C20D6787440AE47885E372153","True"
"app/src/main/java/com/ironlog/app/services/BackupScheduler.kt","0CCC8346E602A3CA9DD7375AEF4B55D066730B82EFC48EB8F307E046C052B2FC","E1B3A133A9B08CC2ECFCA97C5257E9C5B45DB79F62FFDD2304D9B1005A9451F3","0CCC8346E602A3CA9DD7375AEF4B55D066730B82EFC48EB8F307E046C052B2FC","0CCC8346E602A3CA9DD7375AEF4B55D066730B82EFC48EB8F307E046C052B2FC","True"
"app/src/main/java/com/ironlog/app/services/BackupWorker.kt","84EC604C886FCCD9DCBF481EEC3CC7466DA1D91C2EC9D1FA059CD8FF5E657CF3","20651F684BE6AE8CCFA1D79081D8CCD66AA621DA58903246C8BE227EC70DC289","84EC604C886FCCD9DCBF481EEC3CC7466DA1D91C2EC9D1FA059CD8FF5E657CF3","84EC604C886FCCD9DCBF481EEC3CC7466DA1D91C2EC9D1FA059CD8FF5E657CF3","True"
"app/src/main/java/com/ironlog/app/services/DailyReminderWorker.kt","B2D92B4B79506469C8C3B1B88E7AFBA08403969A3EABF12435CD7ED79B10C004","0092756D5DC57587B9483022D9FD314A3DD76CB5F0D053563B079D97CB2586D3","B2D92B4B79506469C8C3B1B88E7AFBA08403969A3EABF12435CD7ED79B10C004","B2D92B4B79506469C8C3B1B88E7AFBA08403969A3EABF12435CD7ED79B10C004","True"
"app/src/main/java/com/ironlog/app/services/NotificationCoordinator.kt","0562D8E6BF7F2BE76CF714304556B3142F456A043DA3DCC8652A59725D411D2A","FFCFB25EB73C8F22B93AECEFE809A2AE5093330A8A54043F34E137101992CE5D","0562D8E6BF7F2BE76CF714304556B3142F456A043DA3DCC8652A59725D411D2A","0562D8E6BF7F2BE76CF714304556B3142F456A043DA3DCC8652A59725D411D2A","True"
"app/src/main/java/com/ironlog/app/services/NotificationEntryActivity.kt","85E962A86AFA3CB1196644E711161D4D73F07CC4BAE5BC09E335619623C6DB73","E69F6E5AD26BDBAB54F620BFA7365378EEFF8084A9A01A85F038786ADC24CD2D","85E962A86AFA3CB1196644E711161D4D73F07CC4BAE5BC09E335619623C6DB73","85E962A86AFA3CB1196644E711161D4D73F07CC4BAE5BC09E335619623C6DB73","True"
"app/src/main/java/com/ironlog/app/services/NotificationServices.kt","A31D46F670F9D0FFBB7412D8FEBC79F432DCC63D75BF01D075207835F195DD34","6F4B113F953995A53FEA063A285B4ABEEF6F6AE2393BA9D34A4543571091B1BA","A31D46F670F9D0FFBB7412D8FEBC79F432DCC63D75BF01D075207835F195DD34","A31D46F670F9D0FFBB7412D8FEBC79F432DCC63D75BF01D075207835F195DD34","True"
"app/src/main/java/com/ironlog/app/services/ReminderScheduler.kt","8E2F6CB24EE3608D33E74B3A21A27E0BFE37ECAF37344F8B1F487ECEE999971C","DD034A6EB1D23184814EADB6F72B1BAE6939171064B02754DD513958B53BD585","8E2F6CB24EE3608D33E74B3A21A27E0BFE37ECAF37344F8B1F487ECEE999971C","8E2F6CB24EE3608D33E74B3A21A27E0BFE37ECAF37344F8B1F487ECEE999971C","True"
"app/src/main/java/com/ironlog/app/services/ShareService.kt","75F2F86DEBE633F969EF485A7CC570F90BBD6D306BF5D7E84A3E26A860916B53","E95B30032768328E52D6D34AA1DC3652101BB1CB94E3EE28E4895AC5AD9F8F4F","75F2F86DEBE633F969EF485A7CC570F90BBD6D306BF5D7E84A3E26A860916B53","75F2F86DEBE633F969EF485A7CC570F90BBD6D306BF5D7E84A3E26A860916B53","True"
"app/src/main/java/com/ironlog/app/services/SmartNotificationPolicy.kt","DC97917E2850784957809FDB4509091F0BD021435E8B15377249E90F55521AE0","A7DE60A7DD88183E4CFE01E5C8AF1F1ABBE330837E9274C7C7C1B0F09F413EED","DC97917E2850784957809FDB4509091F0BD021435E8B15377249E90F55521AE0","DC97917E2850784957809FDB4509091F0BD021435E8B15377249E90F55521AE0","True"
"app/src/main/java/com/ironlog/app/services/WorkoutForegroundService.kt","937D9F3DDD2817084B8E6EED55218BADF495EB372A11B0017C159CDB87087B10","CEF9798278630E230A533ED87BE371008E9C3ED98B277702F1E2829950FA4982","937D9F3DDD2817084B8E6EED55218BADF495EB372A11B0017C159CDB87087B10","937D9F3DDD2817084B8E6EED55218BADF495EB372A11B0017C159CDB87087B10","True"
"app/src/main/java/com/ironlog/app/services/WorkoutNotificationActionQueue.kt","9C592374208ABC47F32870AD101A13DE2480CFAC9915F1712BCF997D2FE471B3","E377A7CCB99F7DD623BC1F24423D2A05E4A215B448476C0F8E9E481582E4CFED","9C592374208ABC47F32870AD101A13DE2480CFAC9915F1712BCF997D2FE471B3","9C592374208ABC47F32870AD101A13DE2480CFAC9915F1712BCF997D2FE471B3","True"
"app/src/main/java/com/ironlog/app/services/WorkoutNotificationActionReceiver.kt","E6B57A1A406305EBCFFACA75098A3D16D3B10B801320A5A9BA6607454802F4F6","49E0DF3A6E46D1E53376CA8E4D6D250554D131EA3329B2A6DABF3BEB08567091","E6B57A1A406305EBCFFACA75098A3D16D3B10B801320A5A9BA6607454802F4F6","E6B57A1A406305EBCFFACA75098A3D16D3B10B801320A5A9BA6607454802F4F6","True"
"app/src/main/java/com/ironlog/app/services/WorkoutTimerClock.kt","1266770D5AA81444B35F077D53600F542238DF80A4F3B26C74530E7326FD34CA","36646C1039168B78149FACE7E9558D49D2511D3C2145F323F5DE572A36C8C500","1266770D5AA81444B35F077D53600F542238DF80A4F3B26C74530E7326FD34CA","1266770D5AA81444B35F077D53600F542238DF80A4F3B26C74530E7326FD34CA","True"
"app/src/main/java/com/ironlog/app/ui/CardGradient.kt","1922F24E63CF0C43A9094431E0CD09BC0BF72F512A7D6030532745E0253F62EC","94B748989362C509120C0E0284084E4FE786A9657E30FA157FB74A6E36D554E7","1922F24E63CF0C43A9094431E0CD09BC0BF72F512A7D6030532745E0253F62EC","1922F24E63CF0C43A9094431E0CD09BC0BF72F512A7D6030532745E0253F62EC","True"
"app/src/main/java/com/ironlog/app/ui/IronLogApp.kt","C641A8C96D1E12672DEAB3A0D73FB34D9AA17D5846493124EB7FBDA228DF32A3","9B0FDC678A6AC093139E0723D43E740DEEBB16F39E725E167DE028296CA3A0D6","50EFA91CAFE362BF83AD3780A716743323D4A6A6662A2903A80472AD392E6AAF","50EFA91CAFE362BF83AD3780A716743323D4A6A6662A2903A80472AD392E6AAF","True"
"app/src/main/java/com/ironlog/app/ui/components/AchievementBadge.kt","F8450585859B84961744A024F0A6105FD04E07EDBB9C31EF66FCC11F3C19A192","88C4F71D1ED07AF2D651E75D57E7E6A187FAA0B991D54867A5939D14F8C41A1D","F8450585859B84961744A024F0A6105FD04E07EDBB9C31EF66FCC11F3C19A192","F8450585859B84961744A024F0A6105FD04E07EDBB9C31EF66FCC11F3C19A192","True"
"app/src/main/java/com/ironlog/app/ui/components/CloudSummaryHost.kt","67CCB25FF33160C42AA3E60BF97FA1D568571A8D71528DFC4BF1E9D33001C331","9F240BCC77FDBF0276D04BB1B21E699744DF17660213327DCE51ED5C5F681028","67CCB25FF33160C42AA3E60BF97FA1D568571A8D71528DFC4BF1E9D33001C331","67CCB25FF33160C42AA3E60BF97FA1D568571A8D71528DFC4BF1E9D33001C331","True"
"app/src/main/java/com/ironlog/app/ui/components/EmptyState.kt","DAC7A6DF444C90B9E3C25B6B8DF636DEEEE0C7A7AF0F4C25318C8B7E2145C0A9","409CF3120B94268498CB699BD58F153AD030026992F165B9E7C4DC29CA07E3F7","DAC7A6DF444C90B9E3C25B6B8DF636DEEEE0C7A7AF0F4C25318C8B7E2145C0A9","DAC7A6DF444C90B9E3C25B6B8DF636DEEEE0C7A7AF0F4C25318C8B7E2145C0A9","True"
"app/src/main/java/com/ironlog/app/ui/components/ExerciseNotesSettingsDialog.kt","EC9899450E600FAC16E0064F5F69E81DBAFAA89C2F369993997DE444B14EADD5","3CFE498DF25E2E345748072714988BC513FABE2542B7190F58F8CC8D6A023F2C","EC9899450E600FAC16E0064F5F69E81DBAFAA89C2F369993997DE444B14EADD5","EC9899450E600FAC16E0064F5F69E81DBAFAA89C2F369993997DE444B14EADD5","True"
"app/src/main/java/com/ironlog/app/ui/components/IronGradeBadge.kt","0F3493708F8AB594CEFE44EEA560A76DAA7FA60CC95ED3B478F8E268EE08F2EE","C4D902A38D632ABEB37AE3863A2520C81D2B6864A2600D544C371795CDD92844","0F3493708F8AB594CEFE44EEA560A76DAA7FA60CC95ED3B478F8E268EE08F2EE","0F3493708F8AB594CEFE44EEA560A76DAA7FA60CC95ED3B478F8E268EE08F2EE","True"
"app/src/main/java/com/ironlog/app/ui/components/IronLogDropdownMenu.kt","42EA21F13185858ED8A4F169CD4034DBF6B7AE00AFBD0CE3415F4F88874E5B90","E97465E66DD9092C42D8EFCB8936ED884F7FA70C00042A91EDBE712A381D5308","42EA21F13185858ED8A4F169CD4034DBF6B7AE00AFBD0CE3415F4F88874E5B90","42EA21F13185858ED8A4F169CD4034DBF6B7AE00AFBD0CE3415F4F88874E5B90","True"
"app/src/main/java/com/ironlog/app/ui/components/IronLogSwitch.kt","ADAEAF3A7C9BC33A325BB53A0CB754E9A3C9FBD950874FA93EBBDF3F2F9185FE","4812BD9FBAD85AFFED40E15E09CC794163088F6473AAE7796CFF772A31C8287D","ADAEAF3A7C9BC33A325BB53A0CB754E9A3C9FBD950874FA93EBBDF3F2F9185FE","ADAEAF3A7C9BC33A325BB53A0CB754E9A3C9FBD950874FA93EBBDF3F2F9185FE","True"
"app/src/main/java/com/ironlog/app/ui/components/NextSessionNoteControl.kt","E92D6CBC362B1E17F223733EBE53B077C0CCA88AE44D3BA6B63B3DDADD063D54","1E4DE13E3288AA14209335CBF27F16B79632F6EC4DCFDB40C10C6FAABCFED301","E92D6CBC362B1E17F223733EBE53B077C0CCA88AE44D3BA6B63B3DDADD063D54","E92D6CBC362B1E17F223733EBE53B077C0CCA88AE44D3BA6B63B3DDADD063D54","True"
"app/src/main/java/com/ironlog/app/ui/components/ScreenHeader.kt","B53D5DAB7434DA6A8AF477AAE5EED4E35826111CADDFE57FDF03E51AD2BEA710","B19BA3F51677CEE85AAA215FF7B92319BDC53842A28283B65F7465E471802D4E","B53D5DAB7434DA6A8AF477AAE5EED4E35826111CADDFE57FDF03E51AD2BEA710","B53D5DAB7434DA6A8AF477AAE5EED4E35826111CADDFE57FDF03E51AD2BEA710","True"
"app/src/main/java/com/ironlog/app/ui/components/SetRow.kt","94612925497066E63132DD4F7B8CC1C091F9D9C9EEF3B8C7DF01485134E6B7F2","F414817DE34F21185069135C975813BF2CA1CC0AABCD51991E1D70B077AD3D38","94612925497066E63132DD4F7B8CC1C091F9D9C9EEF3B8C7DF01485134E6B7F2","94612925497066E63132DD4F7B8CC1C091F9D9C9EEF3B8C7DF01485134E6B7F2","True"
"app/src/main/java/com/ironlog/app/ui/context/ActiveWorkoutBannerContext.kt","8BBA7E308FB1DFB38A463143C3834F5A4E3E5AE0111123D79034F8C38C4E30E7","6DEA26CE69CB9C7876D29C3C510DEA7497920605ACC673E81D2334069AB7DC82","8BBA7E308FB1DFB38A463143C3834F5A4E3E5AE0111123D79034F8C38C4E30E7","8BBA7E308FB1DFB38A463143C3834F5A4E3E5AE0111123D79034F8C38C4E30E7","True"
"app/src/main/java/com/ironlog/app/ui/context/GlassModeContext.kt","BB4E8A2100FC050AB5AAC0CDF824488E47ADA7E75A8E5A9D6C29CFF82E9C2B88","78451676DB5CA36CAEAE74F2F71DBB6FB4D6E2687B1693D07AFBEBB0AC80B84C","BB4E8A2100FC050AB5AAC0CDF824488E47ADA7E75A8E5A9D6C29CFF82E9C2B88","BB4E8A2100FC050AB5AAC0CDF824488E47ADA7E75A8E5A9D6C29CFF82E9C2B88","True"
"app/src/main/java/com/ironlog/app/ui/context/ThemeContext.kt","2C72E00B63F5B15C34697B95F6ADB286F1E266E079A3DA1D8D0B0E82AB9212D9","CF146F2E2E76DA80BDF5A4D31CC43528AD73690B52D3D155310992AD9C8B6282","2C72E00B63F5B15C34697B95F6ADB286F1E266E079A3DA1D8D0B0E82AB9212D9","2C72E00B63F5B15C34697B95F6ADB286F1E266E079A3DA1D8D0B0E82AB9212D9","True"
"app/src/main/java/com/ironlog/app/ui/context/ThemeRuntime.kt","9989621A888A967518FA236D70EC29EFD5853B46ECDEAEFED2EFA36C09985121","6A424324A1412349AF875B99B733A563716CA3228E098828FB73DD85E01EF4CE","9989621A888A967518FA236D70EC29EFD5853B46ECDEAEFED2EFA36C09985121","9989621A888A967518FA236D70EC29EFD5853B46ECDEAEFED2EFA36C09985121","True"
"app/src/main/java/com/ironlog/app/ui/model/UiModels.kt","14EA347B933BEDD4E5A900704E282CBD0818D274BC59C210DBAC41E95D228CA8","16476C0A8C90A1D3B6840A69B9C187FBD806D685D3922A271BC638210D7A4498","14EA347B933BEDD4E5A900704E282CBD0818D274BC59C210DBAC41E95D228CA8","14EA347B933BEDD4E5A900704E282CBD0818D274BC59C210DBAC41E95D228CA8","True"
"app/src/main/java/com/ironlog/app/ui/screens/OnboardingScreen.kt","72904ADABCA81715BCA97F4423FFE8A76E5B4FFF630892F4BEA70E28F56819F3","61F9968DD963A4EB55ECDD9B69E2698C299EB3FAF5828DC9ECE807097648BFFD","72904ADABCA81715BCA97F4423FFE8A76E5B4FFF630892F4BEA70E28F56819F3","72904ADABCA81715BCA97F4423FFE8A76E5B4FFF630892F4BEA70E28F56819F3","True"
"app/src/main/java/com/ironlog/app/ui/screens/SplashScreen.kt","DDD5B96B08A3F23430429436AB7A064920B2474B6BBCEE788E5FD5A93A46578B","6D580AEAF3E4881B008A11FE4B115CF3454EAFD6769F2C48658C1E10FF052EDF","DDD5B96B08A3F23430429436AB7A064920B2474B6BBCEE788E5FD5A93A46578B","DDD5B96B08A3F23430429436AB7A064920B2474B6BBCEE788E5FD5A93A46578B","True"
"app/src/main/java/com/ironlog/app/ui/screens/body/BodyMapCanvas.kt","665579C25692E524055D0F46B34836BC3A89E51FCF0676760A60FC1552323E43","E6F1C0047E20604B28F4F8299852D2F6AB717FF0064EEDCB9CEF06E822CF6EFC","816DE121B98FBB330ACC097D7A8B65FC1D5FA2E5C98AFF58CB2C4BE730A57667","816DE121B98FBB330ACC097D7A8B65FC1D5FA2E5C98AFF58CB2C4BE730A57667","True"
"app/src/main/java/com/ironlog/app/ui/screens/body/BodyMeasurementsScreen.kt","82FF575402C2DDC960CE5846F7EA19DE42CBC86C4F8EDCE8168A7DA9DE856BE5","56808272AEAC898E6E1D0C94D300A18EB2346378DE26F2102CE1638016A780BB","AB60DEC7C6243D9D02031FF6100961BC2431AD3CEFB67E5C995EFC9369218F78","AB60DEC7C6243D9D02031FF6100961BC2431AD3CEFB67E5C995EFC9369218F78","True"
"app/src/main/java/com/ironlog/app/ui/screens/body/BodyRegionPresentation.kt","B72ACAA0EA7C85EFB4E98466D4A014C4CF3B5CD9E18AB0F9EFE8E26B77185DDF","316D82AB712BF09CD2632D104BC4017B4492AC4CCAA335831EA53A9CCF455027","B72ACAA0EA7C85EFB4E98466D4A014C4CF3B5CD9E18AB0F9EFE8E26B77185DDF","B72ACAA0EA7C85EFB4E98466D4A014C4CF3B5CD9E18AB0F9EFE8E26B77185DDF","True"
"app/src/main/java/com/ironlog/app/ui/screens/body/BodyWeightScreen.kt","8DE06C65AB5B520E00EAB86A40B5238AE0D4F8EDBCAA747E753D9F7AD9801978","13C95A085706FFE67F86267AD9D9D4B5AFBB8B0E2699BD24A5A07736CD897726","6B4C4311EFF46182E2345F1A2338DB132B499D2AAE1CFF4681E976A6A5B5973F","6B4C4311EFF46182E2345F1A2338DB132B499D2AAE1CFF4681E976A6A5B5973F","True"
"app/src/main/java/com/ironlog/app/ui/screens/body/ProgressPhotoCompareLogic.kt","D662F2BC244D1809460AC2850B1C6AF6D3BB3AA1DA65947E3DC2DF11C5D41013","CBBB2E4197BD8F75AA75EE1E5E65E418B2E0EC756E32437C8B7ABDDF119E7EEB","D662F2BC244D1809460AC2850B1C6AF6D3BB3AA1DA65947E3DC2DF11C5D41013","D662F2BC244D1809460AC2850B1C6AF6D3BB3AA1DA65947E3DC2DF11C5D41013","True"
"app/src/main/java/com/ironlog/app/ui/screens/body/ProgressPhotosScreen.kt","A25438E74CB32AA11EB63492E4D5F35052AC73F361631E42C2B9776CD165D555","BA6488608B9386727279FB8741D9431F5BBD3E05212DD06E55481ADCAF72AAB1","4700B11C763F81B4D1C6823F02E2CF1F00D405B92B619F98F86A267C4CA63812","4700B11C763F81B4D1C6823F02E2CF1F00D405B92B619F98F86A267C4CA63812","True"
"app/src/main/java/com/ironlog/app/ui/screens/body/ProgressPhotoViewerState.kt","128FF05462D504CF9FA37E9D7170B9D20A4DF2206703EDB7663AFD4B0B1F1865","2345B102AB28EB54B1B4A7E37C47D87D435EBB0F56CD458D9F4420E52AC358A6","128FF05462D504CF9FA37E9D7170B9D20A4DF2206703EDB7663AFD4B0B1F1865","128FF05462D504CF9FA37E9D7170B9D20A4DF2206703EDB7663AFD4B0B1F1865","True"
"app/src/main/java/com/ironlog/app/ui/screens/gamification/StatusWindowScreen.kt","C35D8F10926C95CAF28086222D6A30C8DC5F1CDF06E4AEA80D5E54F2034F9D6A","9517DD5D9269DAAF2B204606A98CF13E3F2C865C213063C9DA0BE22FE76634E9","11ACA609ED9456E8E2FE5B101DC432117B8F1143780883885E7209BD6D85AB86","11ACA609ED9456E8E2FE5B101DC432117B8F1143780883885E7209BD6D85AB86","True"
"app/src/main/java/com/ironlog/app/ui/screens/history/HistoricalCalendarPolicy.kt","B0FDF3D710B836D6AF0FAA7D0DACF772C6E1CFE960CE77465A36518154B1503F","B6F9259A62CFB7F83679D510BAE06C14F0143B02CD8800858CD38682339CD2B9","B0FDF3D710B836D6AF0FAA7D0DACF772C6E1CFE960CE77465A36518154B1503F","B0FDF3D710B836D6AF0FAA7D0DACF772C6E1CFE960CE77465A36518154B1503F","True"
"app/src/main/java/com/ironlog/app/ui/screens/history/HistoricalWorkoutDateTime.kt","8F07D70B4240E6B5B0EF8228C2FDB96EC502AFE2EA2239B816600082204F15EF","EEA1B6FD860618746D09FC5DB7E4B40824F24996DAFB9D03B0256A37D5517849","8F07D70B4240E6B5B0EF8228C2FDB96EC502AFE2EA2239B816600082204F15EF","8F07D70B4240E6B5B0EF8228C2FDB96EC502AFE2EA2239B816600082204F15EF","True"
"app/src/main/java/com/ironlog/app/ui/screens/history/HistoricalWorkoutDraft.kt","49CCE6C59AF805B1D3F1E83A513282F7FB2CDBF630A7FD4EA70B98E2DDA37B69","B7E6DE1A2F5388939EAD8FC06867FB3933EC303D7E90925EAA557880B6513970","49CCE6C59AF805B1D3F1E83A513282F7FB2CDBF630A7FD4EA70B98E2DDA37B69","49CCE6C59AF805B1D3F1E83A513282F7FB2CDBF630A7FD4EA70B98E2DDA37B69","True"
"app/src/main/java/com/ironlog/app/ui/screens/history/HistoricalWorkoutEditor.kt","BE87CC7A88B55EBB2229F9EB115110B4FC7CDDA3B45180642F5487DBB07373D4","3A4C460469BB89BEC0D35420124B570007C3A47113708A3C267FF006D60131FB","BE87CC7A88B55EBB2229F9EB115110B4FC7CDDA3B45180642F5487DBB07373D4","BE87CC7A88B55EBB2229F9EB115110B4FC7CDDA3B45180642F5487DBB07373D4","True"
"app/src/main/java/com/ironlog/app/ui/screens/history/HistoricalWorkoutEntryHost.kt","3411F92ADA438B2DCD11665A36894F0AECFBE0AA4BBDA7147A5C469757C5945F","88DAB352C741214197A7F967CC261BFF4F8F27DCC6EC736475B6DF677E467286","3411F92ADA438B2DCD11665A36894F0AECFBE0AA4BBDA7147A5C469757C5945F","3411F92ADA438B2DCD11665A36894F0AECFBE0AA4BBDA7147A5C469757C5945F","True"
"app/src/main/java/com/ironlog/app/ui/screens/home/HomeScreen.kt","70A657E2A7C14C0405F76EC11901965A97A83CD2FBD337E80841DBD197F07E94","B988D01E1E139154C5B9A2A83A28A51E593B18391820B7F5303E0B8FEC5A6DC3","DC2B6C70D68A3DBBAC88C3362466FA133A7E4FEDD61735DE4319C023F4CD731E","DC2B6C70D68A3DBBAC88C3362466FA133A7E4FEDD61735DE4319C023F4CD731E","True"
"app/src/main/java/com/ironlog/app/ui/screens/intelligence/ApexEngineCard.kt","4395733BAA0D0A12B3B5BF53E8C307FB420AB31556A4B9022B0A01C46A8F80E1","B80BA883476C83462AD1AAC6A41D1019F1BF41B29755268603011496BE464CDE","EDA6CC46A1D3437CC123949B76174F25473CD608DA5D41BBAD8625F9C1E42BB8","EDA6CC46A1D3437CC123949B76174F25473CD608DA5D41BBAD8625F9C1E42BB8","True"
"app/src/main/java/com/ironlog/app/ui/screens/intelligence/CloudAiCard.kt","D9385FE7E57727ED92C62C2C12169E6F4BB4FD7FAC8834A1C10C57179166480B","BCC9089A5A80350A41FBD43B2704020211591D5BA19A28B2747954E33F50591D","7FAAC2B9601690995C020B59C54DB5B05D92549B797847FCFC4DB32DD3E42031","7FAAC2B9601690995C020B59C54DB5B05D92549B797847FCFC4DB32DD3E42031","True"
"app/src/main/java/com/ironlog/app/ui/screens/intelligence/TrainingIntelligenceScreen.kt","BD5811275E5ABB75A09D0120BA514FAF79BC05C8C8429D670B6C30671469FA86","BCA71B2222992459D0C68C6559D2841040CF1024414C41FA7BFECE2E26458784","6E7185661D927453DA8DE29428A3B592E72D5137ADD0C9EF63487F7C0C33F64D","6E7185661D927453DA8DE29428A3B592E72D5137ADD0C9EF63487F7C0C33F64D","True"
"app/src/main/java/com/ironlog/app/ui/screens/onboarding/InfiniteWheelPicker.kt","F43D581834316633EB58A5849B321F31FE8CAFA64369FAD0DD18FE67FE8397BC","4268872B24BCABB681384BEC5C7FF897AB9678EE849B84F7C8E13522BF52EC85","F43D581834316633EB58A5849B321F31FE8CAFA64369FAD0DD18FE67FE8397BC","F43D581834316633EB58A5849B321F31FE8CAFA64369FAD0DD18FE67FE8397BC","True"
"app/src/main/java/com/ironlog/app/ui/screens/onboarding/OnboardingComponents.kt","EC855399A3751CC155DABFCCCE0AA2116194C7A7EB6A985586150BF28212FE42","218E5AE51DD0D2B52D81FC6F88B327272A72B22DDE9FC61B08ECFD793AB39046","EC855399A3751CC155DABFCCCE0AA2116194C7A7EB6A985586150BF28212FE42","EC855399A3751CC155DABFCCCE0AA2116194C7A7EB6A985586150BF28212FE42","True"
"app/src/main/java/com/ironlog/app/ui/screens/onboarding/OnboardingConfig.kt","20509D361483B456330089F961933CBBB1F389169022359D6DA8E3891F0DFEAD","F3ECD8B7DFEBE13B8E0F17A8A77ACDAEE526DB739B06448E09557C3AF48C2428","20509D361483B456330089F961933CBBB1F389169022359D6DA8E3891F0DFEAD","20509D361483B456330089F961933CBBB1F389169022359D6DA8E3891F0DFEAD","True"
"app/src/main/java/com/ironlog/app/ui/screens/onboarding/OnboardingLedgerPreview.kt","D59577713AFFC51C574BE38F60943471C772CA8050F9FAC69D7BA34059B228AE","58D6D7A10AFBF5B880BC9A9D82C78219F37FEC8A36AA1D05440D161E75D3C50A","D59577713AFFC51C574BE38F60943471C772CA8050F9FAC69D7BA34059B228AE","D59577713AFFC51C574BE38F60943471C772CA8050F9FAC69D7BA34059B228AE","True"
"app/src/main/java/com/ironlog/app/ui/screens/onboarding/OnboardingPresentation.kt","14A77A3A94D32AD7C402D747647F55189DB7A96DB152031165EB49FAA8F5FA18","622FE3AD25CF6D774B76D0A6DBEDE5ED0AD048ADC7897E051B9A4A1D07F24B8D","14A77A3A94D32AD7C402D747647F55189DB7A96DB152031165EB49FAA8F5FA18","14A77A3A94D32AD7C402D747647F55189DB7A96DB152031165EB49FAA8F5FA18","True"
"app/src/main/java/com/ironlog/app/ui/screens/onboarding/OnboardingViewModel.kt","FBE58DF73E0319138F7711C8B26264DDB9F6F65D3F099CD61B8B8E5CF2D89A03","430C6D73F53CD8A5A56B7CC4BA5276EF42F068A9BFB51AC6332DB4ADCD00524D","EE43E4CCB259C559814E041078ADBDFA60F219916DCA4CB8366A5AC2E39E0D99","EE43E4CCB259C559814E041078ADBDFA60F219916DCA4CB8366A5AC2E39E0D99","True"
"app/src/main/java/com/ironlog/app/ui/screens/onboarding/steps/Step1Awakening.kt","B987AA8D358CC25DDDFCCDC8EF3AD2B21F2A5B8A4F99D20F118B434735CF3E92","66C2124DC9B74A3EC1FE8BB4136C5B7345F6B424B87E01EC3D6E97674592A5F4","B987AA8D358CC25DDDFCCDC8EF3AD2B21F2A5B8A4F99D20F118B434735CF3E92","B987AA8D358CC25DDDFCCDC8EF3AD2B21F2A5B8A4F99D20F118B434735CF3E92","True"
"app/src/main/java/com/ironlog/app/ui/screens/onboarding/steps/Step2Registration.kt","B4107C5996E7D4E7509022BE328E37A8EA9C86C1A281363EEDDC931DA494204A","E74C2E75724D906612BEE4437E46A66CB8D52E2AA82291235CB93E213CEF73AA","60D86963222C75C9056A653DF9B7516675B900924A847E9BA7CDDA9CD6B87E74","60D86963222C75C9056A653DF9B7516675B900924A847E9BA7CDDA9CD6B87E74","True"
"app/src/main/java/com/ironlog/app/ui/screens/onboarding/steps/Step3Baseline.kt","73B2F9861D074BC0969574AC2E2B60089C500BCE41A949B6A385CD627AE8DDDE","A802FC3CD36C283EF30D9A64A57DBFA9FBB319AFD4125FA8B26B2A91CDF455DA","73B2F9861D074BC0969574AC2E2B60089C500BCE41A949B6A385CD627AE8DDDE","73B2F9861D074BC0969574AC2E2B60089C500BCE41A949B6A385CD627AE8DDDE","True"
"app/src/main/java/com/ironlog/app/ui/screens/onboarding/steps/Step3Classification.kt","37D0259FDE00609D88ED417E4479DD7EFA639B36CEBA88D6C829C3FB6B4CE55E","0406D4126F2F660439D8EA8B951A7851E80712F69F36FC61A8DF12EB822D8683","D2CECCD70A457965417FA41A0FA0B096317E2D5A6C43D84F535F74A2FBE0AA7A","D2CECCD70A457965417FA41A0FA0B096317E2D5A6C43D84F535F74A2FBE0AA7A","True"
"app/src/main/java/com/ironlog/app/ui/screens/onboarding/steps/Step4Quota.kt","7DD087BB5B3DAD014A54D49A563140885F8022050A389158BAA3AEBB9FE702EF","FCA97FFF4DE79B76ECE5C3622B788C1945DB5454D6D1DB6518CB0C17CFA2DFD3","ADC67C24F309730BCAF49546E2D4AE796CD0622148359CC5583F070FD42B1FE1","ADC67C24F309730BCAF49546E2D4AE796CD0622148359CC5583F070FD42B1FE1","True"
"app/src/main/java/com/ironlog/app/ui/screens/onboarding/steps/Step5GoalMode.kt","418F42634867DE93FF2E6A380DEDBAE2AD4711477836ABC9D37191E57D2F173D","969390D119D107CB7BC61B4145C2E73575B8E36B051959F6A4A3353E144EEEFB","B105D1065CB140B085D76AEB033C250BF722ABD2B7469C353D76CD9A3D679D88","B105D1065CB140B085D76AEB033C250BF722ABD2B7469C353D76CD9A3D679D88","True"
"app/src/main/java/com/ironlog/app/ui/screens/onboarding/steps/Step6AiAbilities.kt","5730DA9C04FC8F341C09414B7B712C6E609E2191545173485C4D74C30B92E30E","31484D986E34E667F608AFFC8FAA79D43B24D0BB91165954127BBAC6609C7723","5730DA9C04FC8F341C09414B7B712C6E609E2191545173485C4D74C30B92E30E","5730DA9C04FC8F341C09414B7B712C6E609E2191545173485C4D74C30B92E30E","True"
"app/src/main/java/com/ironlog/app/ui/screens/onboarding/steps/Step7Permissions.kt","F3C34EAC6A071C1E41A1701FAE9EFAFE2EFE93CF54087B4A45131FC9314E21CF","E3D9614BFC4CD5EC1AAF1D88474B5965C07F06E080974EB777A5F34017899858","F3C34EAC6A071C1E41A1701FAE9EFAFE2EFE93CF54087B4A45131FC9314E21CF","F3C34EAC6A071C1E41A1701FAE9EFAFE2EFE93CF54087B4A45131FC9314E21CF","True"
"app/src/main/java/com/ironlog/app/ui/screens/onboarding/steps/Step8Complete.kt","9F542FA4E7BD1115BFCCE2440CEF3D3CB62B67D9E6768C64DE5E5E16B53F3512","ABDD838F83A669F61CF01DDB5F583EE51FCB632042334BDBAC69DEC7F2A795D5","66FA2919340CD0C7FAA22ABE4CA1BAFCCDAC2884D31E99C1EF7F66A88B17A5D9","66FA2919340CD0C7FAA22ABE4CA1BAFCCDAC2884D31E99C1EF7F66A88B17A5D9","True"
"app/src/main/java/com/ironlog/app/ui/screens/onboarding/steps/Step9ProgramSetup.kt","B9345E7F469DF55887B6D0EA9DE708CC88D6B2994EBB9479DE49B2A1E9B1540A","B608EF7E309DBD8DC03DD98865BAA0E9F13836FDB4607EE7775DE358F98CD208","B9345E7F469DF55887B6D0EA9DE708CC88D6B2994EBB9479DE49B2A1E9B1540A","B9345E7F469DF55887B6D0EA9DE708CC88D6B2994EBB9479DE49B2A1E9B1540A","True"
"app/src/main/java/com/ironlog/app/ui/screens/plans/AIPlanGymProfile.kt","91B898950AD21EF0BC92DECB854AB90571BD2048FE9A653D5480B44DE330265A","3615613F3B1673A02BA74FE17848780FA77C9D10E8FF9A072752DCE2297D3ACC","91B898950AD21EF0BC92DECB854AB90571BD2048FE9A653D5480B44DE330265A","91B898950AD21EF0BC92DECB854AB90571BD2048FE9A653D5480B44DE330265A","True"
"app/src/main/java/com/ironlog/app/ui/screens/plans/AIPlanScreen.kt","63C05CC9A0E53DE3B7B393405B1BA6E9A923E9C0837149DF42BC7734D4277679","E2328331D30CD7B5AFEAF0B4715037272DC4B1884B00393A0E29604836F533EB","5C362B5AC1DAB624E2F1606388676892DF468283249E8AACC3BB21E26CCEF1CB","5C362B5AC1DAB624E2F1606388676892DF468283249E8AACC3BB21E26CCEF1CB","True"
"app/src/main/java/com/ironlog/app/ui/screens/plans/PlanEditorScreen.kt","77BB9A60E73E595DE6B1A14BB4E599B2C6E5A1AAEAE8FA9EB59201DCEE5AA137","C8FEC8AF53C2A0C8AC9AA86866C8CBC3180407DD80A2F559B8D6F7DEC6EA7138","31A46A7F2D7034AA71B43DD5F087B7D19326BEC665809CED42E3BD042AC64B0C","31A46A7F2D7034AA71B43DD5F087B7D19326BEC665809CED42E3BD042AC64B0C","True"
"app/src/main/java/com/ironlog/app/ui/screens/plans/PlanExerciseMoveActions.kt","99BFE2E8379FDF78BA460054752589349B994FF4B4BB053D45266141741B7FEF","D7AD139453BA62A3579D820FC2954311A0B1F8B607264028535E066B46DACAE6","99BFE2E8379FDF78BA460054752589349B994FF4B4BB053D45266141741B7FEF","99BFE2E8379FDF78BA460054752589349B994FF4B4BB053D45266141741B7FEF","True"
"app/src/main/java/com/ironlog/app/ui/screens/plans/PlanExerciseOrdering.kt","04EF4FAE46C939AA76563DEFB24F6CCA33228D58D7F1978324D6128B0C1E4B9C","39570952E0412FF62948F0ECB837E98CA8605CB253921FAE31C17D4092D3D68C","04EF4FAE46C939AA76563DEFB24F6CCA33228D58D7F1978324D6128B0C1E4B9C","04EF4FAE46C939AA76563DEFB24F6CCA33228D58D7F1978324D6128B0C1E4B9C","True"
"app/src/main/java/com/ironlog/app/ui/screens/plans/PlansScreen.kt","8B1DC954DD93D8584060C2045B7A282B05921A6DF2B754ADC530551430EB17D6","F0F20F26FFACE9566169508ADF9CDFDAB0BA06E11D9AA939D916080C594DB2E5","02D8EEDD9EDBA6F88ABD1F57A211D7FB7BC4A28C418E91525A5C2602BC05B33C","02D8EEDD9EDBA6F88ABD1F57A211D7FB7BC4A28C418E91525A5C2602BC05B33C","True"
"app/src/main/java/com/ironlog/app/ui/screens/plans/ProgramInsightsScreen.kt","1A9B09ACF7BB0953BDD54FC0721C2B65127A77F2D28F79800DE40E782E874385","B74CE4F5172BC99E1325B6F506E948B90429230220042CFB1B054AFCC20D9154","B589F3E88E6D3564188D831E2BB10D2A31FF62DDE509A36A4A82145BEAC02A23","B589F3E88E6D3564188D831E2BB10D2A31FF62DDE509A36A4A82145BEAC02A23","True"
"app/src/main/java/com/ironlog/app/ui/screens/plans/ProgramPickerScreen.kt","00572350A0783AD623F51205A0F6D3027F5FBB247C802E5667EE79A036F1F295","9074FBB88B758BDB24423757CABC13656AC3F4B48EBBD8848799B90C24DAA102","4810BEBD66C293B4B8BE3DB9F47FACAEF011B2EE2E0D849315B455674D6B3071","4810BEBD66C293B4B8BE3DB9F47FACAEF011B2EE2E0D849315B455674D6B3071","True"
"app/src/main/java/com/ironlog/app/ui/screens/recovery/RecoveryCircuitSheet.kt","499B3B45D296DC464C6DDC516BDD893E73FE2A89296D0C490207C85819DAFF36","595C0235BB6B01AF3FFDAC320415464D80AC95890C1856FF5A6A49155B7A81E3","268F0AA06D6D12251D69A0C85A10A49528EC419800F3264E5B0C693416CA5F1D","268F0AA06D6D12251D69A0C85A10A49528EC419800F3264E5B0C693416CA5F1D","True"
"app/src/main/java/com/ironlog/app/ui/screens/recovery/RecoveryHeatmapCard.kt","5F0AA80624C6E8ECDB9B004F73449FD62D5D8DD029729DA7CDD2C1E6676A0D5A","F2F7BF333D105B5C3ED394205C0D328E895D03DC11A67A790D669300650D492C","BCACD07E861AF9D38A4A506C1CE4AE90E52C4FDB6AFFF29B84CD1E726CC1DEDE","BCACD07E861AF9D38A4A506C1CE4AE90E52C4FDB6AFFF29B84CD1E726CC1DEDE","True"
"app/src/main/java/com/ironlog/app/ui/screens/recovery/RecoveryMapScreen.kt","9800383D3BADC88B9E39089BFF9964921BB1F1CAC2A3CF56976F8A82967976BD","05A1F6BEAED0759BD26453AD8C7E6E1749A184C6929C6914B4890A58CFED6946","5A6A7B778ED4D616B52E821AA8DA9A29C3131BF7B1F39550BBCA63682782BEC5","5A6A7B778ED4D616B52E821AA8DA9A29C3131BF7B1F39550BBCA63682782BEC5","True"
"app/src/main/java/com/ironlog/app/ui/screens/settings/BackupCenterScreen.kt","DF4DB4F24F394CC3181682B6A499AE819B59C7EFC51E9658025F97D45094E9E7","9FB64EABC19AFE883E02AA1E1DFAE92F77B53E0C5D6EBCAE706CFE01894808EF","3BA82975BC3D95CA875ADB89491644B56D986C343518F9082425126AC5CE0F34","3BA82975BC3D95CA875ADB89491644B56D986C343518F9082425126AC5CE0F34","True"
"app/src/main/java/com/ironlog/app/ui/screens/settings/BackupRestoreDialog.kt","83D4890000B007B02C299751BC3EDDB431BE067293E06A33B17B890678A5AE74","08DA138B01563876FD40DC7C843AA0292FEC1FBD0299B3EFA924F62D974A737B","83D4890000B007B02C299751BC3EDDB431BE067293E06A33B17B890678A5AE74","83D4890000B007B02C299751BC3EDDB431BE067293E06A33B17B890678A5AE74","True"
"app/src/main/java/com/ironlog/app/ui/screens/settings/CardShineSettingsCard.kt","3A2A2171E851543957A45E429AED674BB2C4816C27786870A33B42E0840811C0","E52F03D85D3479FA094F0634DCA87802C93BE7764DADAF767159D587FC3B4C68","3A2A2171E851543957A45E429AED674BB2C4816C27786870A33B42E0840811C0","3A2A2171E851543957A45E429AED674BB2C4816C27786870A33B42E0840811C0","True"
"app/src/main/java/com/ironlog/app/ui/screens/settings/CreateExerciseScreen.kt","B614864B9498B01CD8F837B3F6922B0A5001AD0017D3D497A651BBA9B3BA29C1","C91DB7A1E6AB719779599FA8364FA94A830EAEA3DF23B3C6D7889147AE608608","D37716B93C22AB86A1F8F3122BBE7388BB2C7A984C68D6837F633CA7679D422A","D37716B93C22AB86A1F8F3122BBE7388BB2C7A984C68D6837F633CA7679D422A","True"
"app/src/main/java/com/ironlog/app/ui/screens/settings/DataPortabilityScreen.kt","32E0363804C6BE983C327606C282FBF836713C87880C428C3A60D028FA7036C5","F97131E5904C8CAA04FF3E46C0569E97476F5B0CD30D8DBF930ADD32901C6F1B","F156DF929853293A2CD8E401DB4DF5D7D0B895D091727DCC61A7125CEA115FB2","F156DF929853293A2CD8E401DB4DF5D7D0B895D091727DCC61A7125CEA115FB2","True"
"app/src/main/java/com/ironlog/app/ui/screens/settings/ExerciseLibraryScreen.kt","9E4387F29F9D410B7C1AFC62ECB4BD7126E2CDEFCCA37A270BDAB18A4C2249A8","0197A2AA8339A69B6BF14129E530F879DD30017A020B1377BDE73D35A1B18933","E487498D3A7FC90F92AC4617991F3239854D22A3672D0586CEC8CFA05B8211B8","E487498D3A7FC90F92AC4617991F3239854D22A3672D0586CEC8CFA05B8211B8","True"
"app/src/main/java/com/ironlog/app/ui/screens/settings/GymProfileEditorScreen.kt","C1EEDA7D821C3529BE604C67F04E26B9C5B25317345DB95FC0A794B7E46202D7","472A06E9531DC6B173A0C718B19DE647C7824A1C6A70FA33733C652AB791C565","7CC6EEB04E6EEA90F7CCF9226A447CA66DEE05C478B7D720E9A9392CF8BC7DFD","7CC6EEB04E6EEA90F7CCF9226A447CA66DEE05C478B7D720E9A9392CF8BC7DFD","True"
"app/src/main/java/com/ironlog/app/ui/screens/settings/GymProfilesScreen.kt","787C2A7CE2ED10C28B4135D2F76976D7B6AF910602C9ED8A47C7FC3AE89024FD","A66008E756E478B745F1B6B61E5D8789A6C7865D56AD4A060E57A3C0DD364C47","F16133B57BD1CB555C47210FDB220EA5C278F61FCE2813D989AF472538F75ECC","F16133B57BD1CB555C47210FDB220EA5C278F61FCE2813D989AF472538F75ECC","True"
"app/src/main/java/com/ironlog/app/ui/screens/settings/HealthConnectScreen.kt","E6CB716419AB7C09EC9EC106716F811518CFC3B0F09F1E4A30B7E492ADD196D2","51F378A2808B7CBA57FC45E9EDAE420D33E18EEE08E4A37C03A06E9D593C6E69","DCCE02EF67735CF8CAB3876C788365FCD4D2A7DFC65084A3A0B5230843837476","DCCE02EF67735CF8CAB3876C788365FCD4D2A7DFC65084A3A0B5230843837476","True"
"app/src/main/java/com/ironlog/app/ui/screens/settings/HistoryMutationCoordinator.kt","F7E6F1233F0FE66C56AD3216847F6A57247C0230893CE0128A1C13432C84FE46","DB192B3A2510BD423221D319010E6D367CDB45055941019D3B3AEAEB3819F4E6","F7E6F1233F0FE66C56AD3216847F6A57247C0230893CE0128A1C13432C84FE46","F7E6F1233F0FE66C56AD3216847F6A57247C0230893CE0128A1C13432C84FE46","True"
"app/src/main/java/com/ironlog/app/ui/screens/settings/HistoryMutationSurfaceBridge.kt","3C3D0746A3C4F464A6DEB3869B2EA152437B545B9CB9B9124653AAA1C7E1D089","2BF82F69751B53A14BA2BBDE601A706664DBF0FBA6F477747787A0BA9CA8ADA9","3C3D0746A3C4F464A6DEB3869B2EA152437B545B9CB9B9124653AAA1C7E1D089","3C3D0746A3C4F464A6DEB3869B2EA152437B545B9CB9B9124653AAA1C7E1D089","True"
"app/src/main/java/com/ironlog/app/ui/screens/settings/ImportCenterScreen.kt","952A66190820A480A7949E570B8AA0F3CBDA2831BDED4C9D06E0676868BBEC79","EC617168EC9CABC7888BA4CA98860CE43F4F8C29A151DF6449455734EAF163C1","08627A71D0379ED15F44DCC2C6CE04E82D01EB4C37313387C4E3DBF0884C354F","08627A71D0379ED15F44DCC2C6CE04E82D01EB4C37313387C4E3DBF0884C354F","True"
"app/src/main/java/com/ironlog/app/ui/screens/settings/LiquidGlassSettingsCard.kt","55CB9A004E91CFA89288ED19EBAA63D0D04192794E421A431383A77099B28CEE","3999C5B732C014AA85F66C17D5C18D40E834F663D0F6D123D1DA6662653C1664","55CB9A004E91CFA89288ED19EBAA63D0D04192794E421A431383A77099B28CEE","55CB9A004E91CFA89288ED19EBAA63D0D04192794E421A431383A77099B28CEE","True"
"app/src/main/java/com/ironlog/app/ui/screens/settings/PrivacyScreen.kt","C9D421B38F26976099FB983AC0F4B123A70844EBA353D8982B9D8164AEF8AC15","F52A74D512D1543F318730E002929FA7DE667860D1787CF10D436CB473F70367","19F0FA3877E1CB3DE8104A5211E7A0B406905A435914F2A59F31704C49CA02F8","19F0FA3877E1CB3DE8104A5211E7A0B406905A435914F2A59F31704C49CA02F8","True"
"app/src/main/java/com/ironlog/app/ui/screens/settings/RestoreDataScreen.kt","10DCBE9E00E5F1FDD4AE2FABFBB622AB87AD0E14519178FA8052E63087EA6EC0","A6CF53936F5BC7976882582FDDAF95CC91E97C33F1B2719A24942A754CD31710","E2AD4C5C9616E2D9EBD57CBFA11AB0A71741B19598A620B31990DE9447F41607","E2AD4C5C9616E2D9EBD57CBFA11AB0A71741B19598A620B31990DE9447F41607","True"
"app/src/main/java/com/ironlog/app/ui/screens/settings/SettingsConsoleModel.kt","048D82479D197D16E87CD148612147EC4B3470F781F26A003BF9F07103B59E83","E0D7104274C0041A5E03CA612A38A2CA2C9BEE1C86AE85E149DD35DDE19D27F0","048D82479D197D16E87CD148612147EC4B3470F781F26A003BF9F07103B59E83","048D82479D197D16E87CD148612147EC4B3470F781F26A003BF9F07103B59E83","True"
"app/src/main/java/com/ironlog/app/ui/screens/settings/SettingsScreen.kt","5CF0F2C366A77C9692F876A179B52421E3FDB1AC105F837FC11A31700FE2F6F7","0570A4D09A988B7BC3956163748CCDCDFC17244916C26D59FC04C363FF8CE934","AC1493E9FCD42D3C0BDFB3D5780D9E9FB46C81D4A3A305D4DFD4335A72C15075","AC1493E9FCD42D3C0BDFB3D5780D9E9FB46C81D4A3A305D4DFD4335A72C15075","True"
"app/src/main/java/com/ironlog/app/ui/screens/settings/SpacingSettingsCard.kt","FDFD858ACB220FB515BBF76C0C9EEC5566700BE65A285BFAB92507FDAB141018","E5C947839900C696C2130A2B2A34D3CAA353BA4CAF3164828C641775DEA84A9A","FDFD858ACB220FB515BBF76C0C9EEC5566700BE65A285BFAB92507FDAB141018","FDFD858ACB220FB515BBF76C0C9EEC5566700BE65A285BFAB92507FDAB141018","True"
"app/src/main/java/com/ironlog/app/ui/screens/settings/TypographySettingsCard.kt","DF43C38A8F277D578734583CDDC0138D2671C1E5998C98F9C881A2887F71A9B3","DA34DD2261D99272715F80811DD0477D6677D6F81B2E70010F806413B81BEB7D","DF43C38A8F277D578734583CDDC0138D2671C1E5998C98F9C881A2887F71A9B3","DF43C38A8F277D578734583CDDC0138D2671C1E5998C98F9C881A2887F71A9B3","True"
"app/src/main/java/com/ironlog/app/ui/screens/stats/CloudStatsSummaryHost.kt","0464C0BCD336ADEB7033A4A7764B40E7BC087F253ACE40EB74F0CAA028C59C2C","1FEEBEEAAE6B2C55132E043B34D298D6D6EFED69E92EF09AC5FB77E954AEBFA3","0464C0BCD336ADEB7033A4A7764B40E7BC087F253ACE40EB74F0CAA028C59C2C","0464C0BCD336ADEB7033A4A7764B40E7BC087F253ACE40EB74F0CAA028C59C2C","True"
"app/src/main/java/com/ironlog/app/ui/screens/stats/ExerciseProgressScreen.kt","F4BC8F2F6945F708C2ECF59EC6E6753801A130E38091F1F3C568C31C79480750","682765234C261F80DA67B5F449D7D64B9F6917A8989A1239CD9DE5CB9253DFF0","28404A1D39C40A40F425A06B0C8740A4560D3B5ECB2C4067C501432E119C4EAB","28404A1D39C40A40F425A06B0C8740A4560D3B5ECB2C4067C501432E119C4EAB","True"
"app/src/main/java/com/ironlog/app/ui/screens/stats/HistoryScreen.kt","E445B791A18FCD54C842F0F230D7F4F2C0C58A4417507C676DC343F51F229368","D0DC6314214514C6453C6890CDC4B1DA3EBE9FB5F89AAB7D30B64E420132C1F2","391F5ABBBECFA7452528FB5B76A74FEB2883DDA524E6E8B3E43F8DDB54F2F444","391F5ABBBECFA7452528FB5B76A74FEB2883DDA524E6E8B3E43F8DDB54F2F444","True"
"app/src/main/java/com/ironlog/app/ui/screens/stats/StatsScreen.kt","E1C9A6FAFC3E71C75C991F7FB144FD46AF55CE8F2D7DECCF7F32CB3C6F2CB40E","1BFFACAA24A2B2C75B4664009168B415056D1D5193DD0D976724659CE1F1E422","8E77872BC717108D7F2973DD4A989A8A41289DFCA12CE8B51550AE840D1789D5","8E77872BC717108D7F2973DD4A989A8A41289DFCA12CE8B51550AE840D1789D5","True"
"app/src/main/java/com/ironlog/app/ui/screens/stats/VolumeAnalyticsScreen.kt","505991722027DD63C9ADCF599E2505E704E1DD9FA528C41AA11E93A63E36A55E","C04B6E9344896374FB1F89E8A638B3F9E7FE8C347170CA1A47B7ECE31BD7E228","447A40ACDC2F9EFE2DE9A796963DC8DA2D2453F2359BE1896A924DD42F3133B3","447A40ACDC2F9EFE2DE9A796963DC8DA2D2453F2359BE1896A924DD42F3133B3","True"
"app/src/main/java/com/ironlog/app/ui/screens/workout/ActiveWorkoutScreen.kt","91677E09512FE5F333A6086B60D3172F9CC8D6395447F90B4CA47545FC3AF111","B4F23CC0E8DBA6A5EF67EB3069B0D92AF4A128A3AB68E47CC80131B7C587AA5F","A70D6BE49EDC097887383ED92559076E5DB710962A67758C591D972C1BCA3E04","7C7D52F9538E145FF8070364A7B6AA55DA8A0844D6A3300A3AF62AF95255E522","False"
"app/src/main/java/com/ironlog/app/ui/screens/workout/ActiveWorkoutViewport.kt","04533FE26389C9D16F97CEF2BFF0F99F69AA73393AF76AE5616BF3D0DA461951","1D2A2B8D4A0A036A45F5DDF96A8A1B14F6EED9B93B7D58BEE151F6525A4D1185","04533FE26389C9D16F97CEF2BFF0F99F69AA73393AF76AE5616BF3D0DA461951","04533FE26389C9D16F97CEF2BFF0F99F69AA73393AF76AE5616BF3D0DA461951","True"
"app/src/main/java/com/ironlog/app/ui/screens/workout/RecentPerformance.kt","485A8C324487C367384E7ECF85C98422CDD6703C025D9C259FFE0251BD8763C4","","485A8C324487C367384E7ECF85C98422CDD6703C025D9C259FFE0251BD8763C4","","False"
"app/src/main/java/com/ironlog/app/ui/screens/workout/RecentPerformanceSheet.kt","62C72BDB732B92496B16B8804C8DA005322DA1E76161A7C3D819FECE4B8408DD","","62C72BDB732B92496B16B8804C8DA005322DA1E76161A7C3D819FECE4B8408DD","","False"
"app/src/main/java/com/ironlog/app/ui/screens/workout/WorkoutCalendarScreen.kt","71342D51166AA5036333E4A32A0654D900F0B1E7E4100D3928B65457638237E4","B5E2FA6B005E735F6CC8807CFBD7F025A486219BAEEC61F0AA3851C072F74B1D","3741947CFC343443E1BCAB4BE2BD23A6A53EA6D5236FB9B6C9071AD065B2ED55","3741947CFC343443E1BCAB4BE2BD23A6A53EA6D5236FB9B6C9071AD065B2ED55","True"
"app/src/main/java/com/ironlog/app/ui/screens/workout/WorkoutCloudDebrief.kt","931508CA90CB6EFD12CA55CBC39794ACF5387997F394E2AB5235E4B49E954FE2","D711AB0A4C87F29CA56390077B7811910A4333E1ED6CC4FA5D858B7C5BE77934","931508CA90CB6EFD12CA55CBC39794ACF5387997F394E2AB5235E4B49E954FE2","931508CA90CB6EFD12CA55CBC39794ACF5387997F394E2AB5235E4B49E954FE2","True"
"app/src/main/java/com/ironlog/app/ui/screens/workout/WorkoutExerciseBinding.kt","F931EFF120CEBDF3D551D444FDE3430B627E20BF3989BC8EB706D8AA8E83BD8F","C6261EF06A6CE897730EDBF9566789EC34AFF06FE2A4F371CE22BA9A79476B7C","D651DDE4B3CF01290CB8FB4A816B17E1A248A8574D493ADCAA6951C5BA947291","D651DDE4B3CF01290CB8FB4A816B17E1A248A8574D493ADCAA6951C5BA947291","True"
"app/src/main/java/com/ironlog/app/ui/screens/workout/WorkoutInputAnchor.kt","0332EC36A3E17F0E1BAD26D7C18E99717041873FD8FD480B8ABBE2F332B46A6F","71EE625000B7A180A77CBAF9E7D4B176792942F572B7F378995853020525FB07","0332EC36A3E17F0E1BAD26D7C18E99717041873FD8FD480B8ABBE2F332B46A6F","0332EC36A3E17F0E1BAD26D7C18E99717041873FD8FD480B8ABBE2F332B46A6F","True"
"app/src/main/java/com/ironlog/app/ui/screens/workout/WorkoutRestControls.kt","D0C4A0E7C024A911F5E68CE74E74F836DC0429226EC887E5FCF9E4B5F3EC4C7A","","D0C4A0E7C024A911F5E68CE74E74F836DC0429226EC887E5FCF9E4B5F3EC4C7A","","False"
"app/src/main/java/com/ironlog/app/ui/state/PersistedSetHydration.kt","9607E91818B84F215EC65087B1CF7120A05F05FFF05CF1E78C1D426033089044","6C507E8D73722E030C4D72E52EBE629952309439A6CD9C270EC61964202A242F","9607E91818B84F215EC65087B1CF7120A05F05FFF05CF1E78C1D426033089044","9607E91818B84F215EC65087B1CF7120A05F05FFF05CF1E78C1D426033089044","True"
"app/src/main/java/com/ironlog/app/ui/state/PresentationClock.kt","F4075BAE81AF6924225A0E39C233BBCA8A10A7F5B3FBB00A349CA67959A6746A","C3497E4CE3231FBDC0C9E158095AD846B448E483B77E174BD911BFCF4473DF4E","F4075BAE81AF6924225A0E39C233BBCA8A10A7F5B3FBB00A349CA67959A6746A","F4075BAE81AF6924225A0E39C233BBCA8A10A7F5B3FBB00A349CA67959A6746A","True"
"app/src/main/java/com/ironlog/app/ui/state/WorkoutDraftWriteGate.kt","F6C4772FC17D0E1FE2EECD387DF94B5A0D4F26FACF3CF20AF7C54B50A6246A73","B4AC429CCD154C3D44F034C0FC5A200AFF3900A600976F347A1B1A7963F46D88","F6C4772FC17D0E1FE2EECD387DF94B5A0D4F26FACF3CF20AF7C54B50A6246A73","F6C4772FC17D0E1FE2EECD387DF94B5A0D4F26FACF3CF20AF7C54B50A6246A73","True"
"app/src/main/java/com/ironlog/app/ui/state/WorkoutGhostLoader.kt","251AF76FEB9B7F1308F1F0E85245AECD708EA4ACEBF62C3F10D303F936A0DF40","5840D7352A66E4352301C6F1578D1C4F9F0B9A7469476E653078CE866044B650","251AF76FEB9B7F1308F1F0E85245AECD708EA4ACEBF62C3F10D303F936A0DF40","251AF76FEB9B7F1308F1F0E85245AECD708EA4ACEBF62C3F10D303F936A0DF40","True"
"app/src/main/java/com/ironlog/app/ui/state/WorkoutHydrationGate.kt","74F2D244E5A7131CFF3E950BA4D7B9000D0A81330BAB3F8134AFAD137D60E5BB","7F6D312EB592CB17ABF014F886E845544A194FDC5F6F93011A781E1EF9CE765D","74F2D244E5A7131CFF3E950BA4D7B9000D0A81330BAB3F8134AFAD137D60E5BB","74F2D244E5A7131CFF3E950BA4D7B9000D0A81330BAB3F8134AFAD137D60E5BB","True"
"app/src/main/java/com/ironlog/app/ui/state/WorkoutMutationCoordinator.kt","BEEF9B1DECDE231E6F3FCAFB8D0264672D185AAD360B9DF379C4BFA7B8392C94","0F61C12C4B388196FBEBAC621CF0DE35509C035EABC17A0B01B4FFAEE2DA0C7E","BEEF9B1DECDE231E6F3FCAFB8D0264672D185AAD360B9DF379C4BFA7B8392C94","BEEF9B1DECDE231E6F3FCAFB8D0264672D185AAD360B9DF379C4BFA7B8392C94","True"
"app/src/main/java/com/ironlog/app/ui/state/WorkoutSetInput.kt","1628DB79B973B3FAAB844F5393872BDE123C52274DC33D3159FF2A5F67A64CFD","EA37FC855764027DA395FD7E81B08B3789FFC763E914FE2713B79FB6FD1126BC","1628DB79B973B3FAAB844F5393872BDE123C52274DC33D3159FF2A5F67A64CFD","1628DB79B973B3FAAB844F5393872BDE123C52274DC33D3159FF2A5F67A64CFD","True"
"app/src/main/java/com/ironlog/app/ui/state/WorkoutState.kt","4AB804206DB0BD6B8312CBB445C19B1777986A64EF7DA92AB1C07A8C1347AFAD","3FCB212382D33C84EE91F4495050731A9B5DDB35C607A518FE58FD52363BFB73","4AB804206DB0BD6B8312CBB445C19B1777986A64EF7DA92AB1C07A8C1347AFAD","4AB804206DB0BD6B8312CBB445C19B1777986A64EF7DA92AB1C07A8C1347AFAD","True"
"app/src/main/java/com/ironlog/app/ui/state/WorkoutTerminalCleanup.kt","46C92B4EE7179AC03D6BEBDEAA132704ACB4955DCE6D10BD8309D9BD046FF693","856C4C9AFE01C9B3FCC0B4824D659B0DF651CF0D51A0F289CF22CA6A0E653B4A","46C92B4EE7179AC03D6BEBDEAA132704ACB4955DCE6D10BD8309D9BD046FF693","46C92B4EE7179AC03D6BEBDEAA132704ACB4955DCE6D10BD8309D9BD046FF693","True"
"app/src/main/java/com/ironlog/app/ui/theme/AppearanceBackupRuntime.kt","22EF2F6C1A400E30F40A243F9093440E14FFE023CB0ABADC19D0FAAD59A2FE45","F7F62EAB1D51B81CAF8FE59FD20F8AEA49D888D16E5BE3841E3E7D2B45B0FB11","22EF2F6C1A400E30F40A243F9093440E14FFE023CB0ABADC19D0FAAD59A2FE45","22EF2F6C1A400E30F40A243F9093440E14FFE023CB0ABADC19D0FAAD59A2FE45","True"
"app/src/main/java/com/ironlog/app/ui/theme/AppearanceSaveQueue.kt","D7F8C612EC71A9CD2FF73BAEE871033FA30E66A1B1903D61A9FB28FE9FFDCEB2","6C5E17946002BEE7876BC3AEB62500F2FB73374B85D9A76B3C066A317D5D4991","D7F8C612EC71A9CD2FF73BAEE871033FA30E66A1B1903D61A9FB28FE9FFDCEB2","D7F8C612EC71A9CD2FF73BAEE871033FA30E66A1B1903D61A9FB28FE9FFDCEB2","True"
"app/src/main/java/com/ironlog/app/ui/theme/AppSpacing.kt","929FA4B58946E3A7A59CF7A448FE375F1F7474E2EC192817EEFB17BB97962F1C","4DA32C9E3ADB19960EEDF51A485D1E6DAAD56BE6E008FE1C5486E406A2877948","929FA4B58946E3A7A59CF7A448FE375F1F7474E2EC192817EEFB17BB97962F1C","929FA4B58946E3A7A59CF7A448FE375F1F7474E2EC192817EEFB17BB97962F1C","True"
"app/src/main/java/com/ironlog/app/ui/theme/CardShineRuntime.kt","870436817F729A0AF7D6363CF13F6122EEA87A1A7A8E9CCE93EAC450AFFF8E91","E585FF5D1D27B1FD037F52319CB6FF412DC50A847CAA68D32DB68B620B167EBB","870436817F729A0AF7D6363CF13F6122EEA87A1A7A8E9CCE93EAC450AFFF8E91","870436817F729A0AF7D6363CF13F6122EEA87A1A7A8E9CCE93EAC450AFFF8E91","True"
"app/src/main/java/com/ironlog/app/ui/theme/CardShineSettings.kt","C2929F488DC1BCD344686028C14D6FF4815F7DA15107EF16AB851124201FA660","0DD70B41838B91A9A767EBB9248BEA4C6CA11AAD5B00F049F5BC2CD01C6BB55A","C2929F488DC1BCD344686028C14D6FF4815F7DA15107EF16AB851124201FA660","C2929F488DC1BCD344686028C14D6FF4815F7DA15107EF16AB851124201FA660","True"
"app/src/main/java/com/ironlog/app/ui/theme/IronLogFontFamilies.kt","89F7292154ABFF822F8CE4BAEF81EEA4F63C1AF24BD9B7B427B10C5AC833D803","6EF15FAF8921B1D8407B19ACAC5C72D9DF8D7214FE9BC69C767FA4771998BF69","89F7292154ABFF822F8CE4BAEF81EEA4F63C1AF24BD9B7B427B10C5AC833D803","89F7292154ABFF822F8CE4BAEF81EEA4F63C1AF24BD9B7B427B10C5AC833D803","True"
"app/src/main/java/com/ironlog/app/ui/theme/IronLogShapes.kt","D15930F0E0943B1C161A51EF8C0E2703CBC7F1FC05E57229DF2BCDA8563CBEBB","FEA2FD322E293B30428C6E8DC05D9156CE942001168942535AF6F14070E0D355","D15930F0E0943B1C161A51EF8C0E2703CBC7F1FC05E57229DF2BCDA8563CBEBB","D15930F0E0943B1C161A51EF8C0E2703CBC7F1FC05E57229DF2BCDA8563CBEBB","True"
"app/src/main/java/com/ironlog/app/ui/theme/IronLogText.kt","3CA07782D825C9100018372B726D4AB8EAACB981A6E2147AC14397A49185EED3","AE3AA46A6755A57733AA98461FE7002ECCB2CE3B816DC16C25DC409A54A16BB0","3CA07782D825C9100018372B726D4AB8EAACB981A6E2147AC14397A49185EED3","3CA07782D825C9100018372B726D4AB8EAACB981A6E2147AC14397A49185EED3","True"
"app/src/main/java/com/ironlog/app/ui/theme/IronLogThemes.kt","5C6A350BA7CD1A9F537A2C9887FD26073C3A2D439773666937EBF9EC7CADF8CA","62D245096355052658AF0B9F32AB288645048A80CB02ECB88959A81F7935ACE0","5C6A350BA7CD1A9F537A2C9887FD26073C3A2D439773666937EBF9EC7CADF8CA","5C6A350BA7CD1A9F537A2C9887FD26073C3A2D439773666937EBF9EC7CADF8CA","True"
"app/src/main/java/com/ironlog/app/ui/theme/IronLogTypography.kt","5FF13FDEA4F1EEC2CFFF2CCF79CAC30D552C60D0ACE959D1B04985FA0A0BC11E","1F24F4D70DCE1BEF260543A7167447D8B42E977FA62BA1782ED5CD8E9E4A1A23","5FF13FDEA4F1EEC2CFFF2CCF79CAC30D552C60D0ACE959D1B04985FA0A0BC11E","5FF13FDEA4F1EEC2CFFF2CCF79CAC30D552C60D0ACE959D1B04985FA0A0BC11E","True"
"app/src/main/java/com/ironlog/app/ui/theme/LiquidGlassRuntime.kt","8FA3FF25F901C13F6844E9A339EC75BE53DD928371A0F26665B2CCF6B3B52809","3D4D2AAB6E1CB3F8F91585EC46924E681AEC5082DD885613309A213FC8956188","8FA3FF25F901C13F6844E9A339EC75BE53DD928371A0F26665B2CCF6B3B52809","8FA3FF25F901C13F6844E9A339EC75BE53DD928371A0F26665B2CCF6B3B52809","True"
"app/src/main/java/com/ironlog/app/ui/theme/LiquidGlassSettings.kt","2A2EDF4F81598BB991C515F3703AD0487337637C583BEB7E7D7890304FBF0A8D","1C80CA93F2B28A85D41E3DF931FAD1E16FB090169482EEEF0ACDD0036A863D8B","2A2EDF4F81598BB991C515F3703AD0487337637C583BEB7E7D7890304FBF0A8D","2A2EDF4F81598BB991C515F3703AD0487337637C583BEB7E7D7890304FBF0A8D","True"
"app/src/main/java/com/ironlog/app/ui/theme/SpacingSettings.kt","BBDBFDDFD9024D5D512ADEB1AB22A9CD931C0267F6D55135D2DD41BFEB8B82BB","82799F206A0E17FD49F4039E5CD39D5652FE5BC2ADCFCBEF24AB623CDBB66A92","BBDBFDDFD9024D5D512ADEB1AB22A9CD931C0267F6D55135D2DD41BFEB8B82BB","BBDBFDDFD9024D5D512ADEB1AB22A9CD931C0267F6D55135D2DD41BFEB8B82BB","True"
"app/src/main/java/com/ironlog/app/ui/theme/TypographyPaint.kt","84E04287BE0CF1264FB9B4CEEEBEEAE1FC63037435CF57933546C5363EFCCA9C","6B8A512E7E349C89507F46FEF5D50AE4E71D9884F4032ECD0E6A84292BD531DA","84E04287BE0CF1264FB9B4CEEEBEEAE1FC63037435CF57933546C5363EFCCA9C","84E04287BE0CF1264FB9B4CEEEBEEAE1FC63037435CF57933546C5363EFCCA9C","True"
"app/src/main/java/com/ironlog/app/ui/theme/TypographyRuntime.kt","49B06FB14A99E674D1670ACCF4DE4D160FA2CA0310586937C61D6B464F17962E","9AF7204E8F6DD6E43AF7E66804B619A1EEB3B31281E0B62E14087EA10A60659F","49B06FB14A99E674D1670ACCF4DE4D160FA2CA0310586937C61D6B464F17962E","49B06FB14A99E674D1670ACCF4DE4D160FA2CA0310586937C61D6B464F17962E","True"
"app/src/main/java/com/ironlog/app/ui/theme/TypographySettings.kt","BB241525B4D8575B3062F4758B3636DC3DFBA06035F9CC9BE7415482C4DA3BA4","667EF4F4090924756227EFA6983D04FA646B06B0C8A9A4B57BACA4C9D6C8E1F2","BB241525B4D8575B3062F4758B3636DC3DFBA06035F9CC9BE7415482C4DA3BA4","BB241525B4D8575B3062F4758B3636DC3DFBA06035F9CC9BE7415482C4DA3BA4","True"
"app/src/main/java/com/ironlog/app/ui/theme/TypographyStore.kt","3085F10FDCE7368771E691B88C5CC076D00495B3BE230C67DF709F28ABE74CB7","7944A61B1D7D26475B3AA3BCB7F49FDC01DB8871813D5BA20F8B431664BB2769","3085F10FDCE7368771E691B88C5CC076D00495B3BE230C67DF709F28ABE74CB7","3085F10FDCE7368771E691B88C5CC076D00495B3BE230C67DF709F28ABE74CB7","True"
"app/src/main/java/com/ironlog/app/ui/viewmodel/AppDataViewModel.kt","41AD7C88FE6C00D7B104AF5A8C953A913DAF2DB5B0E576289261659335268966","66C3E8D9ADE9ECF0411A7A115C9576025795DC3E6EBB21D0F4E66E3819FFEF4E","84197BDF3E904069922E0431145363C712102221185F2EFC03C9BBBF5D9A8F1A","84197BDF3E904069922E0431145363C712102221185F2EFC03C9BBBF5D9A8F1A","True"
"app/src/main/java/com/ironlog/app/ui/viewmodel/BodyMeasurementsViewModel.kt","7C84491EC1B32C71B6E66724DC935B9FA026756A9DABAEBD82A13B267BBDCBB5","489B63FAD2339102BFB7129CB63BEAFC8182B287B077134003FD5AEFA23E8752","8F0DE888B13CC23DB2153376BC8D83808657709ABE119E9A08EF0FDA9D05848B","8F0DE888B13CC23DB2153376BC8D83808657709ABE119E9A08EF0FDA9D05848B","True"
"app/src/main/java/com/ironlog/app/ui/viewmodel/ExerciseProgressViewModel.kt","E2D82500CF98AFFAA01136873D447BB504F0A3613F2985D044A682FD0A8AEB44","2FCE52F545947D86CCA6A4F27F82A948370CB0239047EF5989F216E8AAA539BD","E2D82500CF98AFFAA01136873D447BB504F0A3613F2985D044A682FD0A8AEB44","E2D82500CF98AFFAA01136873D447BB504F0A3613F2985D044A682FD0A8AEB44","True"
"app/src/main/java/com/ironlog/app/ui/viewmodel/GamificationViewModel.kt","A945E0BC7656D3904FCE0DC518607FDF5141208FD4861B922A82CD7F97AF796F","E0F74913990FB2B7778CAD6F3162304DFF21467140930C2A5DC9E07C78F33BC3","A945E0BC7656D3904FCE0DC518607FDF5141208FD4861B922A82CD7F97AF796F","A945E0BC7656D3904FCE0DC518607FDF5141208FD4861B922A82CD7F97AF796F","True"
"app/src/main/java/com/ironlog/app/ui/viewmodel/PlansViewModel.kt","1FDE92493504B734B714A8D241C6540C44DC68B51CA5255DEF3911B0B4B6C38E","F2008F90F021EEEC543347806D6DA5977D0EAEB8E846ABD2AB0771C0D37B5050","2B7DD53A998DBC4C306370F5832F650DA869B8D80E7B81A76D06CD752FD830EE","2B7DD53A998DBC4C306370F5832F650DA869B8D80E7B81A76D06CD752FD830EE","True"
"app/src/main/java/com/ironlog/app/ui/viewmodel/PlanUiSource.kt","2E5DA0E4C8FE8F39B71DD0F94164E128D50E4A72C4D89311D029F778ED184C24","60A243D6268DB765E769E003EEBD2B3417A03866A7DF0FA75AB4038197EFE51E","2E5DA0E4C8FE8F39B71DD0F94164E128D50E4A72C4D89311D029F778ED184C24","2E5DA0E4C8FE8F39B71DD0F94164E128D50E4A72C4D89311D029F778ED184C24","True"
"app/src/main/java/com/ironlog/app/ui/viewmodel/StatsUiSource.kt","85EE411D193504115AC318CA088697DA29060409BA5C218810BAA03E6F26915F","1CFF9A5E7F624EF0D5BFE87AEA7063AF0DFF6DEC11063A27609831E32CC9EE2D","85EE411D193504115AC318CA088697DA29060409BA5C218810BAA03E6F26915F","85EE411D193504115AC318CA088697DA29060409BA5C218810BAA03E6F26915F","True"
"app/src/main/java/com/ironlog/app/ui/viewmodel/StatsViewModel.kt","D3E677789AE3E9A90E02994316F1A84C00A066144621EED53D8F8AC3CF89DCCB","26595D4277538591281C5AF7665E868A2094B4145260E1A95ABA001D28511F9A","21C73016B11507773A6738678EEDC9A65FE10427F9633E89B70372FD25B05B33","21C73016B11507773A6738678EEDC9A65FE10427F9633E89B70372FD25B05B33","True"
"app/src/main/java/com/ironlog/app/util/BodyWeightAnalytics.kt","6CB6E0EF683DAE92FDD0E35F0C96DA1C3D0AB72E93E856EBEB0911BFCDC0F8D7","6729B9616C726D837D880976D279CA48C169D966C210378B7C98C019A583BBB9","6CB6E0EF683DAE92FDD0E35F0C96DA1C3D0AB72E93E856EBEB0911BFCDC0F8D7","6CB6E0EF683DAE92FDD0E35F0C96DA1C3D0AB72E93E856EBEB0911BFCDC0F8D7","True"
"app/src/main/java/com/ironlog/app/util/Dates.kt","9B247E7B72DA20C3108E96A296E3F85A048C41614255F3D518BE057C552B3285","29F0E89AEF3F0E664F9C04D0E1B23287A44FFE16D171703AB98DA25522F6ED5F","9B247E7B72DA20C3108E96A296E3F85A048C41614255F3D518BE057C552B3285","9B247E7B72DA20C3108E96A296E3F85A048C41614255F3D518BE057C552B3285","True"
"app/src/main/java/com/ironlog/app/util/ExerciseTrackingTypeNormalizer.kt","09B14018D6432ED1541EFCEE36829839A848763DF0A3FB042D1B349B7E838713","2AC25BA1B64596D6F675AECD9B81EC3D10A335BC8BBE177D28945795735BAA66","09B14018D6432ED1541EFCEE36829839A848763DF0A3FB042D1B349B7E838713","09B14018D6432ED1541EFCEE36829839A848763DF0A3FB042D1B349B7E838713","True"
"app/src/main/java/com/ironlog/app/util/ExerciseUiFilters.kt","BC2DC13B2DA435D78C80D0CE1CB3BF1819B8C2A43CF6D82F14AB03B9E1C88C12","1F70AA31773B9C95E2BBDD82567191EF4B449F74B1778562BEAFB4923482AB2B","BC2DC13B2DA435D78C80D0CE1CB3BF1819B8C2A43CF6D82F14AB03B9E1C88C12","BC2DC13B2DA435D78C80D0CE1CB3BF1819B8C2A43CF6D82F14AB03B9E1C88C12","True"
"app/src/main/java/com/ironlog/app/util/FuzzyExerciseMapper.kt","2C7A8981B2EF20A80744F08DEBC7D9D3498BE635CE8D95CA53926F087855A4FD","1CB350BE0191EF8CA996716312799505274C42FB0B29D64493FCC8BD991CCDB9","2C7A8981B2EF20A80744F08DEBC7D9D3498BE635CE8D95CA53926F087855A4FD","2C7A8981B2EF20A80744F08DEBC7D9D3498BE635CE8D95CA53926F087855A4FD","True"
"app/src/main/java/com/ironlog/app/util/HapticsEngine.kt","20C5BAAA1FA83517E2A2C7702444CB406653D4CBD254FE8F1E245E125F770D47","9EBBD7A6FD2DBA21A938FB006E08E11626B99C54DF31389863A48A225D877E9B","20C5BAAA1FA83517E2A2C7702444CB406653D4CBD254FE8F1E245E125F770D47","20C5BAAA1FA83517E2A2C7702444CB406653D4CBD254FE8F1E245E125F770D47","True"
"app/src/main/java/com/ironlog/app/util/Metrics.kt","8B5C3F05A1875CFED337743D2E521C0289456E42DEA008EE62154A74A691A2AD","0F82DAACA9166ADF17FD659939893956B2C3F5D2BC5AEEBF878888CB44126F67","8B5C3F05A1875CFED337743D2E521C0289456E42DEA008EE62154A74A691A2AD","8B5C3F05A1875CFED337743D2E521C0289456E42DEA008EE62154A74A691A2AD","True"
"app/src/main/java/com/ironlog/app/util/PlateCalc.kt","3F6F56D30CE9F0A5D6B11EEE669E3CDE9BEE173AE3161418CCF5F8B703CBB55D","6909F1E790E89DF1026B3D1FA99597A2ACBBA71940191D7208AA477FD4A8A932","3F6F56D30CE9F0A5D6B11EEE669E3CDE9BEE173AE3161418CCF5F8B703CBB55D","3F6F56D30CE9F0A5D6B11EEE669E3CDE9BEE173AE3161418CCF5F8B703CBB55D","True"
"app/src/main/java/com/ironlog/app/util/Validation.kt","2C5DC85337FC6F6AB239A505CAD88B54CC27FCFB8AA2181E578513CEDA00FD05","74623A33C9066A4342D2CC7B5E16A18A70FEFF65C394FE8D1487285E90DD4725","2C5DC85337FC6F6AB239A505CAD88B54CC27FCFB8AA2181E578513CEDA00FD05","2C5DC85337FC6F6AB239A505CAD88B54CC27FCFB8AA2181E578513CEDA00FD05","True"
"app/src/main/java/com/ironlog/app/util/WeightUnits.kt","6252A76B331697077B641F031A81F7C4307ED4157698B050E4F71250F5298F29","D4492D76E43B7B102DB020D8EBC451676FA7898B70E8CBAB6767BBD1D72A88D1","6252A76B331697077B641F031A81F7C4307ED4157698B050E4F71250F5298F29","6252A76B331697077B641F031A81F7C4307ED4157698B050E4F71250F5298F29","True"
"app/src/main/java/com/ironlog/app/widget/BadgeWidget.kt","3C10B6B0E66E865B0DF414B9638E920274D17CAC22C5546949DCBFBAEFBBC5F0","9B366A0D7467A66B9538CF1720A9BAB82B73C729DE162A5A166C1CD7EE523E9F","3C10B6B0E66E865B0DF414B9638E920274D17CAC22C5546949DCBFBAEFBBC5F0","3C10B6B0E66E865B0DF414B9638E920274D17CAC22C5546949DCBFBAEFBBC5F0","True"
"app/src/main/java/com/ironlog/app/widget/DashboardWidget.kt","8B2A72FCD4C66D286725031A0FD046282F2DD5CFB1438BD04B085C70FA95C02E","349594FDE87C563458E8735D26E9224F6A0A08F770E831855ED68E4F050AC30F","8B2A72FCD4C66D286725031A0FD046282F2DD5CFB1438BD04B085C70FA95C02E","8B2A72FCD4C66D286725031A0FD046282F2DD5CFB1438BD04B085C70FA95C02E","True"
"app/src/main/java/com/ironlog/app/widget/ForgeFoxWidgetAssets.kt","3B06062E8560EAC66E33DCB26EC5541BCC37DCE515C5D291AA4750C33AE8EAC8","6C428A80DD96FDC2495808BD34A1E66CD850841FFD923E7AB4A444A1DF3BE378","3B06062E8560EAC66E33DCB26EC5541BCC37DCE515C5D291AA4750C33AE8EAC8","3B06062E8560EAC66E33DCB26EC5541BCC37DCE515C5D291AA4750C33AE8EAC8","True"
"app/src/main/java/com/ironlog/app/widget/ForgeFoxWidgetContent.kt","86B121BCF0C64FC7D42B3E62559DBC01B75CDFFB9F3177F71F2F6248CDFB91F4","612789A1537B59A65F4D6982A52161FCDF8E8AE09206C8A3A906AF8ABA2D68BA","86B121BCF0C64FC7D42B3E62559DBC01B75CDFFB9F3177F71F2F6248CDFB91F4","86B121BCF0C64FC7D42B3E62559DBC01B75CDFFB9F3177F71F2F6248CDFB91F4","True"
"app/src/main/java/com/ironlog/app/widget/ForgeFoxWidgetPresentation.kt","51F38A7ED97792DE4DD087A31F62297A0D4CDBCC88951FBD383AFFD56D5D4893","199CFA1F6796AAF390F3A5F8A104774B9CD157E400E4F27A508B9DE925E89796","51F38A7ED97792DE4DD087A31F62297A0D4CDBCC88951FBD383AFFD56D5D4893","51F38A7ED97792DE4DD087A31F62297A0D4CDBCC88951FBD383AFFD56D5D4893","True"
"app/src/main/java/com/ironlog/app/widget/ForgeFoxWidgetSampleStates.kt","7093D18EC90CB414EDD5A1BF3A4F39B6FF4A034E02E3E9FD7FAB2AD5D6C9D470","45BE9B79C0630BC98800B8A9D6582874F1EBEBD3038D7B5DE535FCAF7DDF4A6C","7093D18EC90CB414EDD5A1BF3A4F39B6FF4A034E02E3E9FD7FAB2AD5D6C9D470","7093D18EC90CB414EDD5A1BF3A4F39B6FF4A034E02E3E9FD7FAB2AD5D6C9D470","True"
"app/src/main/java/com/ironlog/app/widget/WarRoomWidget.kt","C2C67F7271832B1F8A1CE7A041164A1359CDA5239D8C21AD4CC5B23515A4B01A","DD288F6CC5F76E4EE5BFBF441360A3D1FFB92A18818F3D138872930519E5509E","C2C67F7271832B1F8A1CE7A041164A1359CDA5239D8C21AD4CC5B23515A4B01A","C2C67F7271832B1F8A1CE7A041164A1359CDA5239D8C21AD4CC5B23515A4B01A","True"
"app/src/main/java/com/ironlog/app/widget/WidgetDataRepository.kt","35C750491E098995C0AC99145B38D6D46ACE954218DBB216618D0AE24AC627F7","C038053FFEF8A375B8BF4D3E569002A420847446FF9E976F0284D73BE3346D9E","35C750491E098995C0AC99145B38D6D46ACE954218DBB216618D0AE24AC627F7","35C750491E098995C0AC99145B38D6D46ACE954218DBB216618D0AE24AC627F7","True"
"app/src/main/java/com/ironlog/app/widget/WidgetState.kt","08229456D522B7F92AE67D9606C7EC9D966A2E5FDCF8040B579287DAC54D54B7","991CD7A274741E5B499B186C68E49BF1B9F498CB2905F14E9541E775180119A5","08229456D522B7F92AE67D9606C7EC9D966A2E5FDCF8040B579287DAC54D54B7","08229456D522B7F92AE67D9606C7EC9D966A2E5FDCF8040B579287DAC54D54B7","True"
"app/src/main/java/com/ironlog/app/widget/WidgetStateDefinition.kt","990B6F1CFB94EF83BFDA84C3D3C08B2CF820622DF63F44C2D1788F2FBCFF217B","CD9DDF79EE0495B801D63E3DCABA8EB01E7F33C94D8FE49C8FAB384F421C7155","990B6F1CFB94EF83BFDA84C3D3C08B2CF820622DF63F44C2D1788F2FBCFF217B","990B6F1CFB94EF83BFDA84C3D3C08B2CF820622DF63F44C2D1788F2FBCFF217B","True"
"app/src/main/java/com/ironlog/app/widget/WidgetUpdateWorker.kt","584780470F689BEB991E8F554ACC92CCAA81E9A4C858F17B88247E69A9351354","216E15BCB84AECB11C0173D71684C18AE1916389BABFC495DA64522E098387AC","584780470F689BEB991E8F554ACC92CCAA81E9A4C858F17B88247E69A9351354","584780470F689BEB991E8F554ACC92CCAA81E9A4C858F17B88247E69A9351354","True"
"app/src/main/java/com/ironlog/app/widget/WidgetVisualStateResolver.kt","44D366542BB81CF6665192DF08F2D1AE2250596F8C8754D31588BFDF80F5F36A","CB7FC0622BF88C017FD05C5D614CF720731DFE8030B82141B8F8644A1AB5D193","44D366542BB81CF6665192DF08F2D1AE2250596F8C8754D31588BFDF80F5F36A","44D366542BB81CF6665192DF08F2D1AE2250596F8C8754D31588BFDF80F5F36A","True"
